Domain, Is_eq
1.79995,-90.8498496676
1.8,-87.7645914394
1.80005,-84.5836956126
1.8001,-81.306047305
1.80015,-77.9331394057
1.8002,-74.4665093586
1.80025,-70.9062721929
1.8003,-67.2509937463
1.80035,-63.4994189196
1.8004,-59.6535826289
1.80045,-55.7150199111
1.8005,-51.6839822257
1.80055,-47.5593647384
1.8006,-43.3399058302
1.80065,-39.0279130841
1.8007,-34.62474486
1.80075,-30.1310745236
1.8008,-25.6348808066
1.80085,-22.3430696321
1.8009,-20.2327779647
1.80095,-17.9375467947
1.801,-15.4971031975
1.80105,-12.9419603169
1.8011,-10.2756781397
1.80115,-7.49553711621
1.8012,-4.60069219846
1.80125,-1.59106488687
1.8013,1.53220556834
1.80135,4.76925615336
1.8014,8.11704871263
1.80145,11.5737123705
1.8015,15.0007384183
1.80155,16.9218231809
1.8016,16.3845405955
1.80165,14.4822919958
1.8017,13.9133197675
1.80175,15.1006480879
1.8018,15.9683274566
1.80185,15.3826523497
1.8019,14.6144768071
1.80195,15.0854876441
1.802,16.2881844258
1.80205,16.8470567601
1.8021,16.6645553453
1.80215,16.8283528727
1.8022,17.8357836681
1.80225,18.9759208767
1.8023,19.5636949905
1.80235,19.9271925317
1.8024,20.7490073448
1.80245,22.0209313431
1.8025,23.1716804149
1.80255,23.989279293
1.8026,24.8646772725
1.80265,26.1134393661
1.8027,27.5377115278
1.80275,28.7946820768
1.8028,29.9168508731
1.80285,31.1981225758
1.8029,32.7183130094
1.80295,34.2666169381
1.803,35.6914721695
1.80305,37.1075530713
1.8031,38.683543376
1.80315,40.3826811069
1.8032,42.0532029537
1.80325,43.6616965891
1.8033,45.3201074417
1.80335,47.0969857939
1.8034,48.9208271152
1.80345,50.7084851751
1.8035,52.481851701
1.80355,54.3162906202
1.8036,56.2215600085
1.80365,58.1337294552
1.8037,60.020447826
1.80375,61.9171511421
1.8038,63.8623408968
1.80385,65.8403851175
1.8039,67.8081243231
1.80395,69.7618341563
1.804,71.7310981819
1.80405,73.7279282055
1.8041,75.7318696519
1.80415,77.7195567895
1.8042,79.6988965597
1.80425,81.6874570746
1.8043,83.68317667
1.80435,85.6699751729
1.8044,87.6379572613
1.80445,89.5964063395
1.8045,91.5524314559
1.80455,93.4988805449
1.8046,95.4262691433
1.80465,97.3315747313
1.8047,99.2212116553
1.80475,101.095570637
1.8048,102.947336887
1.80485,104.77262556
1.8049,106.570828535
1.80495,108.344495529
1.805,110.090718051
1.80505,111.804213264
1.8051,113.484646586
1.80515,115.131285388
1.8052,116.743632335
1.80525,118.317933638
1.8053,119.851129451
1.80535,121.344339909
1.8054,122.796059667
1.80545,124.204064195
1.8055,125.564980922
1.80555,126.877240369
1.8056,128.142333755
1.80565,129.357978079
1.8057,130.521297301
1.80575,131.629470478
1.8058,132.682055042
1.80585,133.680240156
1.8059,134.621317295
1.80595,135.502013832
1.806,136.32048936
1.80605,137.076834104
1.8061,137.77179797
1.80615,138.402336904
1.8062,138.965774577
1.80625,139.460374614
1.8063,139.886549931
1.80635,140.245053396
1.8064,140.532527063
1.80645,140.746410689
1.8065,140.885684364
1.80655,140.950875644
1.8066,140.942225348
1.80665,140.857193834
1.8067,140.692962351
1.80675,140.448942037
1.8068,140.125870717
1.80685,139.723576971
1.8069,139.239971433
1.80695,138.672435369
1.807,138.020350647
1.80705,137.284850971
1.8071,136.465689989
1.80715,135.561247482
1.8072,134.568662413
1.80725,133.487640385
1.8073,132.319408073
1.80735,131.063927205
1.8074,129.719754637
1.80745,128.284146394
1.8075,126.7568963
1.80755,125.139560221
1.8076,123.432087479
1.80765,121.633414896
1.8077,119.740609178
1.80775,117.75390209
1.8078,115.674961585
1.80785,113.50385621
1.8079,111.239501532
1.80795,108.879394328
1.808,106.423844757
1.80805,103.87483742
1.8081,101.232155926
1.80815,98.4956112664
1.8082,95.662210755
1.80825,92.7324804831
1.8083,89.70872682
1.80835,86.5909515478
1.8084,83.3787611511
1.80845,80.0699552982
1.8085,76.6647781599
1.80855,73.1659379653
1.8086,69.5734458784
1.80865,65.8870366913
1.8087,62.1050562001
1.80875,58.2275441817
1.8088,54.2572289456
1.80885,50.1943668421
1.8089,46.0391141486
1.80895,41.7893899572
1.809,37.4463322687
1.80905,33.0122459856
1.8091,28.4876616814
1.80915,24.2355071835
1.8092,21.6291173376
1.80925,19.38355538
1.8093,17.0553502045
1.80935,14.5993364325
1.8094,12.0134856313
1.80945,9.30686527369
1.8095,6.48511532668
1.80955,3.5506755021
1.8096,0.503253592747
1.80965,-2.65686176012
1.8097,-5.93024496662
1.80975,-9.31535842908
1.8098,-12.8083633033
1.80985,-15.9144579772
1.8099,-16.9990608784
1.80995,-15.6965583855
1.81,-14.0093463207
1.81005,-14.1926837408
1.8101,-15.5297297411
1.81015,-15.8741233915
1.8102,-14.9989239456
1.81025,-14.5922285162
1.8103,-15.4756215024
1.81035,-16.5749635757
1.8104,-16.7893605274
1.81045,-16.5908634237
1.8105,-17.0697167383
1.81055,-18.2436079336
1.8106,-19.2203481678
1.81065,-19.6403696711
1.8107,-20.102268736
1.81075,-21.1341879653
1.8108,-22.4349254572
1.81085,-23.4531139567
1.8109,-24.2245048175
1.81095,-25.2176842853
1.811,-26.5787574463
1.81105,-27.9738807409
1.8111,-29.1535996591
1.81115,-30.2948368667
1.8112,-31.670016103
1.81125,-33.23559932
1.8113,-34.7446640119
1.81135,-36.1396344205
1.8114,-37.5975741149
1.81145,-39.2336297212
1.8115,-40.9411394078
1.81155,-42.5830678949
1.8116,-44.192357743
1.81165,-45.8911761308
1.8117,-47.698146819
1.81175,-49.5159434365
1.8118,-51.2901257681
1.81185,-53.0772516052
1.8119,-54.9404549654
1.81195,-56.856554209
1.812,-58.7604820587
1.81205,-60.6445967454
1.8121,-62.5568283718
1.81215,-64.5180901109
1.8122,-66.4960072507
1.81225,-68.4575723248
1.8123,-70.4139255576
1.81235,-72.3944407863
1.8124,-74.397131847
1.81245,-76.3961472137
1.8125,-78.3798714399
1.81255,-80.3622170407
1.8126,-82.3559562636
1.81265,-84.3504286607
1.8127,-86.3302602852
1.81275,-88.2949251697
1.8128,-90.2539029549
1.81285,-92.2092583055
1.8129,-94.1498393082
1.81295,-96.0689982669
1.813,-97.9699344501
1.81305,-99.8563733387
1.8131,-101.72523906
1.81315,-103.568206416
1.8132,-105.383762277
1.81325,-107.175206562
1.8133,-108.94176476
1.81335,-110.67874971
1.8134,-112.380880722
1.81345,-114.049695764
1.8135,-115.686590797
1.81355,-117.288158394
1.8136,-118.850082825
1.81365,-120.369519649
1.8137,-121.849063636
1.81375,-123.287951545
1.8138,-124.681857004
1.81385,-126.027619749
1.8139,-127.323802267
1.81395,-128.572538557
1.814,-129.772515162
1.81405,-130.918781461
1.8141,-132.009226732
1.81415,-133.043185493
1.8142,-134.022446313
1.81425,-134.945074103
1.8143,-135.806322757
1.81435,-136.604696451
1.8144,-137.339989759
1.81445,-138.013582095
1.8145,-138.623166577
1.81455,-139.164705803
1.8146,-139.637047941
1.81465,-140.039962099
1.8147,-140.374605303
1.81475,-140.638880593
1.8148,-140.829129809
1.81485,-140.944378386
1.8149,-140.984245243
1.81495,-140.950019037
1.815,-140.839905817
1.81505,-140.650324746
1.8151,-140.38037587
1.81515,-140.029981596
1.8152,-139.600353941
1.81525,-139.089968625
1.8153,-138.495576419
1.81535,-137.816366522
1.8154,-137.052017302
1.81545,-136.204112105
1.8155,-135.271177728
1.81555,-134.250420191
1.8156,-133.140933613
1.81565,-131.942622627
1.8157,-130.656933865
1.81575,-129.283205815
1.8158,-127.818498857
1.81585,-126.261747428
1.8159,-124.613411265
1.81595,-122.874862888
1.816,-121.04542778
1.81605,-119.122708983
1.8161,-117.105791098
1.81615,-114.994974304
1.8162,-112.792421763
1.81625,-110.496674584
1.8163,-108.106121624
1.81635,-105.619909463
1.8164,-103.038571433
1.81645,-100.363804887
1.8165,-97.5952659142
1.81655,-94.7311347964
1.8166,-91.7704164354
1.81665,-88.7142448074
1.8167,-85.5641175219
1.81675,-82.3202032171
1.8168,-78.9806639263
1.81685,-75.5444447282
1.8169,-72.0131918256
1.81695,-68.3883073332
1.817,-64.6701855464
1.81705,-60.8574057077
1.8171,-56.9486918563
1.81715,-52.9462580257
1.8172,-48.8514030544
1.81725,-44.6645814963
1.8173,-40.384833258
1.81735,-36.0107909692
1.8174,-31.5450699335
1.81745,-26.9991543306
1.8175,-23.1610703909
1.81755,-20.9710713496
1.8176,-18.6564074029
1.81765,-16.2503554363
1.8177,-13.7461992368
1.81775,-11.1263043593
1.8178,-8.38572840762
1.81785,-5.52619951559
1.8179,-2.55241371869
1.81795,0.533695269533
1.818,3.73156650099
1.81805,7.04072055569
1.8181,10.4621921264
1.81815,13.970083505
1.8182,16.5417576994
1.81825,16.7836831553
1.8183,15.0153448489
1.81835,13.8233253238
1.8184,14.6172273008
1.81845,15.818786684
1.8185,15.639356983
1.81855,14.7186646891
1.8186,14.7586738238
1.81865,15.8818036444
1.8187,16.7357256732
1.81875,16.6926268158
1.8188,16.6326839861
1.81885,17.4074088626
1.8189,18.6092963551
1.81895,19.3830171449
1.819,19.7325583189
1.81905,20.3658021951
1.8191,21.5471720139
1.81915,22.7903756691
1.8192,23.689532202
1.81925,24.4896457827
1.8193,25.6160120727
1.81935,27.0292420548
1.8194,28.3572962678
1.81945,29.4909765886
1.8195,30.6925169436
1.81955,32.1494962231
1.8196,33.7167139462
1.81965,35.17853437
1.8197,36.5729561046
1.81975,38.088212227
1.8198,39.7623647194
1.81985,41.454401332
1.8199,43.0732797386
1.81995,44.7013863688
1.82,46.4402379449
1.82005,48.258821107
1.8201,50.0606330668
1.82015,51.8290576507
1.8202,53.6376684525
1.82025,55.523420279
1.8203,57.4375152414
1.82035,59.3301372229
1.8204,61.2171022442
1.82045,63.1456456654
1.8205,65.1157237491
1.82055,67.0863800712
1.8206,69.0411941854
1.82065,71.0022436537
1.8207,72.9912632729
1.82075,74.9937188752
1.8208,76.983868627
1.82085,78.963131049
1.8209,80.9477558165
1.82095,82.9426187099
1.821,84.9315450514
1.82105,86.9020427778
1.8211,88.8619283866
1.82115,90.8190278005
1.8212,92.7696904363
1.82125,94.7015049331
1.8213,96.6104645909
1.82135,98.5045008119
1.8214,100.384657198
1.82145,102.244466177
1.8215,104.076144508
1.82155,105.880017652
1.8216,107.661598807
1.82165,109.417812465
1.8217,111.142325855
1.82175,112.83119398
1.8218,114.486004566
1.82185,116.109776345
1.8219,117.697673884
1.82195,119.244511753
1.822,120.748537795
1.82205,122.211240409
1.8221,123.633843935
1.82215,125.011263819
1.8222,126.339579496
1.82225,127.617977715
1.8223,128.847312802
1.82235,130.027880418
1.8224,131.155070187
1.82245,132.225989852
1.8225,133.239824966
1.82255,134.197056547
1.8226,135.097575868
1.82265,135.937389261
1.8227,136.714156498
1.82275,137.427023285
1.8228,138.076212706
1.82285,138.661318576
1.8229,139.179345026
1.82295,139.627985978
1.823,140.006253665
1.82305,140.314354725
1.8231,140.552106678
1.82315,140.716885006
1.8232,140.806287779
1.82325,140.8194492
1.8233,140.756833024
1.82335,140.618271012
1.8234,140.401535714
1.82345,140.10404188
1.8235,139.725053744
1.82355,139.265321427
1.8236,138.724844258
1.82365,138.101639243
1.8237,137.393082318
1.82375,136.598600099
1.8238,135.719240782
1.82385,134.754963405
1.8239,133.70435203
1.82395,132.564383003
1.824,131.334795984
1.82405,130.016872412
1.8241,128.610809431
1.82415,127.115028714
1.8242,125.526971551
1.82425,123.846304839
1.8243,122.074820946
1.82435,120.212333762
1.8244,118.257988798
1.82445,116.209062818
1.8245,114.06557062
1.82455,111.829322436
1.8246,109.500247732
1.82465,107.077709727
1.8247,104.559023955
1.82475,101.944363707
1.8248,99.2360774488
1.82485,96.4340192657
1.8249,93.5376078234
1.82495,90.5443936852
1.825,87.4548444009
1.82505,84.2714540516
1.8251,80.9940603158
1.82515,77.6224538342
1.8252,74.1542220878
1.82525,70.5898604786
1.8253,66.9320794864
1.82535,63.1809631521
1.8254,59.3364729515
1.82545,55.3963470585
1.8255,51.3612195268
1.82555,47.2341185966
1.8256,43.0149057066
1.82565,38.7043275598
1.8257,34.2994873234
1.82575,29.8018044948
1.8258,25.3353520495
1.82585,22.1687199276
1.8259,20.0539227476
1.82595,17.7673525309
1.826,15.3291454497
1.82605,12.7735125067
1.8261,10.1079859316
1.82615,7.32965486226
1.8262,4.43436102668
1.82625,1.42249841233
1.8263,-1.7016730572
1.82635,-4.93659767303
1.8264,-8.28230711299
1.82645,-11.7393712045
1.8265,-15.1221268249
1.82655,-16.899826704
1.8266,-16.2151894593
1.82665,-14.31429226
1.8267,-13.8720949727
1.82675,-15.098142453
1.8268,-15.8781619244
1.82685,-15.2247367522
1.8269,-14.4967666617
1.82695,-15.0433460042
1.827,-16.2335537308
1.82705,-16.7283854084
1.8271,-16.5300101192
1.82715,-16.7359178991
1.8272,-17.7739642616
1.82725,-18.887365671
1.8273,-19.440130481
1.82735,-19.8095529658
1.8274,-20.6607466181
1.82745,-21.9376092469
1.8275,-23.0645338966
1.82755,-23.8679340064
1.8276,-24.7550426617
1.82765,-26.0186073191
1.8277,-27.4368969976
1.82775,-28.6780407629
1.8278,-29.7982657898
1.82785,-31.0897842347
1.8279,-32.6141031405
1.82795,-34.1533777228
1.828,-35.5704042773
1.82805,-36.9901404211
1.8281,-38.5719323613
1.82815,-40.2687452309
1.8282,-41.9315026751
1.82825,-43.5380552336
1.8283,-45.200819379
1.82835,-46.9790711066
1.8284,-48.7983932532
1.82845,-50.5809341129
1.8285,-52.3550471801
1.82855,-54.1928353788
1.8286,-56.0967987289
1.82865,-58.0039652412
1.8287,-59.8875885706
1.82875,-61.7861530121
1.8288,-63.7334578193
1.82885,-65.708625942
1.8289,-67.6716675236
1.82895,-69.6237298318
1.829,-71.5950021883
1.82905,-73.5928553098
1.8291,-75.5932434543
1.82915,-77.5768776318
1.8292,-79.5553077154
1.82925,-81.5455418903
1.8293,-83.5414925718
1.82935,-85.5247352114
1.8294,-87.4892397891
1.82945,-89.4470539035
1.8295,-91.4043236377
1.82955,-93.3505450201
1.8296,-95.2745794052
1.82965,-97.1768392958
1.8297,-99.0659012394
1.82975,-100.941200508
1.8298,-102.792617093
1.82985,-104.614812141
1.8299,-106.41007177
1.82995,-108.183155879
1.83,-109.930345184
1.83005,-111.643674012
1.8301,-113.321171526
1.83015,-114.964818609
1.8302,-116.576494805
1.83025,-118.15190783
1.8303,-119.685124649
1.83035,-121.175549209
1.8304,-122.624165992
1.83045,-124.031442427
1.8305,-125.393611605
1.83055,-126.706009374
1.8306,-127.968473028
1.83065,-129.180862649
1.8307,-130.343293944
1.83075,-131.452785778
1.8308,-132.505412889
1.83085,-133.500884263
1.8309,-134.438493307
1.83095,-135.318429673
1.831,-136.138356597
1.83105,-136.894702363
1.8311,-137.587024555
1.83115,-138.214085917
1.8312,-138.776625327
1.83125,-139.272636334
1.8313,-139.69879953
1.83135,-140.054305636
1.8314,-140.338198076
1.83145,-140.551302093
1.8315,-140.692145934
1.83155,-140.757255915
1.8316,-140.745929539
1.83165,-140.657148646
1.8317,-140.492216232
1.83175,-140.249790341
1.8318,-139.926509956
1.83185,-139.521455865
1.8319,-139.0340421
1.83195,-138.465651305
1.832,-137.815203619
1.83205,-137.079484509
1.8321,-136.257456524
1.83215,-135.348998762
1.8322,-134.355625282
1.83225,-133.276132713
1.8323,-132.107792072
1.83235,-130.849376169
1.8324,-129.501107596
1.83245,-128.064685697
1.8325,-126.539052824
1.83255,-124.921457239
1.8326,-123.211102007
1.83265,-121.408453439
1.8327,-119.51489605
1.83275,-117.529740579
1.8328,-115.450501484
1.83285,-113.276427892
1.8329,-111.008240766
1.83295,-108.6473161
1.833,-106.193248995
1.83305,-103.644093287
1.8331,-100.998553806
1.83315,-98.2581704482
1.8332,-95.4241152522
1.83325,-92.4960430654
1.8333,-89.4721715603
1.83335,-86.3516001539
1.8334,-83.1356931532
1.83345,-79.826088451
1.8335,-76.422541694
1.83355,-72.9235621686
1.8336,-69.3282934319
1.83365,-65.6383070024
1.8337,-61.8554744703
1.83375,-57.9793138229
1.8338,-54.0090912283
1.83385,-49.9434038194
1.8339,-45.7844431703
1.83395,-41.533927179
1.834,-37.1920033029
1.83405,-32.7577838776
1.8341,-28.2302121259
1.83415,-24.0250803183
1.8342,-21.499212401
1.83425,-19.2422473562
1.8343,-16.9121620577
1.83435,-14.4558812846
1.8344,-11.8697329875
1.83445,-9.16380779101
1.8345,-6.34407131331
1.83455,-3.41070753127
1.8346,-0.361622617131
1.83465,2.80029658108
1.8347,6.07326027685
1.83475,9.456017363
1.8348,12.9473408815
1.83485,15.9755095479
1.8349,16.9271533396
1.83495,15.5247947372
1.835,13.8870017931
1.83505,14.1743441532
1.8351,15.5055026579
1.83515,15.7602848141
1.8352,14.8535281849
1.83525,14.5044299849
1.8353,15.4340685632
1.83535,16.4974093714
1.8354,16.659392508
1.83545,16.4694989978
1.8355,16.9901428239
1.83555,18.1695058561
1.8356,19.1099280706
1.83565,19.510039321
1.8357,19.9922806397
1.83575,21.0434167312
1.8358,22.3309929778
1.83585,23.3247777443
1.8359,24.0955226471
1.83595,25.1057666439
1.836,26.4692232612
1.83605,27.8470565621
1.8361,29.0154672695
1.83615,30.1637190557
1.8362,31.5480508844
1.83625,33.1067634682
1.8363,34.6020556279
1.83635,35.9940273734
1.8364,37.4591034899
1.83645,39.0968474305
1.8365,40.7954798599
1.83655,42.4281469233
1.8366,44.038141117
1.83665,45.7413206767
1.8367,47.5460616191
1.83675,49.3554108219
1.8368,51.1237409758
1.83685,52.9125048544
1.8369,54.7773163163
1.83695,56.6894132289
1.837,58.586152133
1.83705,60.4662110301
1.8371,62.3795297347
1.83715,64.3407681576
1.8372,66.3144141907
1.83725,68.2699504101
1.8373,70.2228615778
1.83735,72.2036051182
1.8374,74.2053313106
1.83745,76.2002475905
1.8375,78.1786412017
1.83755,80.1575365122
1.8376,82.1507499261
1.83765,84.1438658687
1.8377,86.1198874609
1.83775,88.0795126687
1.8378,90.0348359565
1.83785,91.9891277315
1.8379,93.928215105
1.83795,95.8437640807
1.838,97.7396855445
1.83805,99.6221807057
1.8381,101.489625907
1.83815,103.330989933
1.8382,105.143152424
1.83825,106.929479692
1.8383,108.691769983
1.83835,110.42714846
1.8384,112.127999458
1.83845,113.793377064
1.8385,115.424900778
1.83855,117.021973167
1.8386,118.58223034
1.83865,120.100610235
1.8387,121.576647847
1.83875,123.009971268
1.8388,124.399288473
1.83885,125.743299142
1.8389,127.038503814
1.83895,128.283683315
1.839,129.477878858
1.83905,130.619497355
1.8391,131.70829609
1.83915,132.741470073
1.8392,133.71716477
1.83925,134.633869701
1.8393,135.490564184
1.83935,136.28738292
1.8394,137.021954342
1.83945,137.692026981
1.8395,138.295778419
1.83955,138.832862924
1.8396,139.303714549
1.83965,139.70600708
1.8397,140.037135212
1.83975,140.295543908
1.8398,140.481451878
1.83985,140.595179853
1.8399,140.634516199
1.83995,140.596747591
1.84,140.480679595
1.84005,140.286907349
1.8401,140.015643252
1.84015,139.664826788
1.8402,139.231661715
1.84025,138.715329501
1.8403,138.116795642
1.84035,137.436090239
1.8404,136.671455333
1.84045,135.819949372
1.8405,134.881254957
1.84055,133.856502168
1.8406,132.745592185
1.84065,131.547397183
1.8407,130.258430149
1.84075,128.878802983
1.8408,127.410077465
1.84085,125.85204715
1.8409,124.203520133
1.84095,122.461798508
1.841,120.626599899
1.84105,118.69997781
1.8411,116.681752537
1.84115,114.570787094
1.8412,112.364953502
1.84125,110.063643158
1.8413,107.669168236
1.84135,105.181724834
1.8414,102.600202119
1.84145,99.9221810116
1.8415,97.1481223311
1.84155,94.2801542743
1.8416,91.3181860952
1.84165,88.2618488368
1.8417,85.1085339378
1.84175,81.8589765344
1.8418,78.515647429
1.84185,75.0784583603
1.8419,71.5472653877
1.84195,67.9193659547
1.842,64.1956632712
1.84205,60.3790831793
1.8421,56.4696034308
1.84215,52.4670529
1.8422,48.3692938874
1.84225,44.1772227568
1.8423,39.8940315219
1.84235,35.5194166379
1.8424,31.0536979669
1.84245,26.5169777672
1.8425,22.8293323194
1.84255,20.7015218377
1.8426,18.4014656815
1.84265,15.9943232451
1.8427,13.4852501956
1.84275,10.8621233801
1.8428,8.12121803553
1.84285,5.26394960884
1.8429,2.29239844785
1.84295,-0.794116760305
1.843,-3.99411487024
1.84305,-7.30429466798
1.8431,-10.7238872545
1.84315,-14.2088819356
1.8432,-16.5832397195
1.84325,-16.5815298753
1.8433,-14.7342094464
1.84335,-13.7016843935
1.8434,-14.6256285145
1.84345,-15.7376114701
1.8435,-15.4177026973
1.84355,-14.5098072707
1.8436,-14.6672020566
1.84365,-15.8269856784
1.8437,-16.5912681489
1.84375,-16.4824551114
1.8438,-16.4678544804
1.84385,-17.3104936997
1.8439,-18.4996248575
1.84395,-19.2070004754
1.844,-19.539212094
1.84405,-20.2168963196
1.8441,-21.4272760083
1.84415,-22.641030432
1.8442,-23.5013785693
1.84425,-24.3078913033
1.8443,-25.4662503893
1.84435,-26.8828854528
1.8444,-28.1822613943
1.84445,-29.2988999732
1.8445,-30.5150750534
1.84455,-31.9886925694
1.8446,-33.5465262139
1.84465,-34.9877381619
1.8447,-36.3788004359
1.84475,-37.9069667694
1.8448,-39.5861743515
1.84485,-41.2658453381
1.8449,-42.872818231
1.84495,-44.5033138455
1.845,-46.2501332496
1.84505,-48.0672647471
1.8451,-49.8584770029
1.84515,-51.6212112443
1.8452,-53.4330895479
1.84525,-55.322141913
1.8453,-57.2325486024
1.84535,-59.1177209161
1.8454,-61.0020819619
1.84545,-62.9325286056
1.8455,-64.9031769346
1.84555,-66.8704630335
1.8456,-68.8202985703
1.84565,-70.7795089203
1.8457,-72.7689150667
1.84575,-74.7709504737
1.8458,-76.7587703321
1.84585,-78.7344738144
1.8459,-80.7170585424
1.84595,-82.7112166289
1.846,-84.6996103923
1.84605,-86.6687663757
1.8461,-88.625742524
1.84615,-90.5803371183
1.8462,-92.5296394127
1.84625,-94.4611454167
1.8463,-96.3693981676
1.84635,-98.2607612654
1.8464,-100.137935709
1.84645,-101.996155923
1.8465,-103.827871773
1.84655,-105.631320659
1.8466,-107.410093563
1.84665,-109.162997526
1.8467,-110.886003322
1.84675,-112.57531006
1.8468,-114.229756048
1.84685,-115.850440767
1.8469,-117.434666916
1.84695,-118.980109168
1.847,-120.484797469
1.84705,-121.947121379
1.8471,-123.366476216
1.84715,-124.73996296
1.8472,-126.066962665
1.84725,-127.346201872
1.8473,-128.575158131
1.84735,-129.75247275
1.8474,-130.875584905
1.84745,-131.945135196
1.8475,-132.959958124
1.84755,-133.916776248
1.8476,-134.813938855
1.84765,-135.649604443
1.8477,-136.425009475
1.84775,-137.13886179
1.8478,-137.78753515
1.84785,-138.369488823
1.8479,-138.883348653
1.84795,-139.330541892
1.848,-139.709822255
1.84805,-140.017401028
1.8481,-140.251932285
1.84815,-140.412567779
1.8482,-140.500851268
1.84825,-140.51514956
1.8483,-140.45207009
1.84835,-140.310335096
1.8484,-140.089540116
1.84845,-139.791021118
1.8485,-139.413368959
1.84855,-138.953276647
1.8486,-138.409786266
1.84865,-137.782519242
1.8487,-137.073403158
1.84875,-136.280366059
1.8488,-135.400774321
1.84885,-134.433571787
1.8489,-133.378821583
1.84895,-132.237971964
1.849,-131.009918078
1.84905,-129.691736913
1.8491,-128.282661263
1.84915,-126.782953913
1.8492,-125.19390647
1.84925,-123.515015444
1.8493,-121.743382896
1.84935,-119.878089734
1.8494,-117.919772552
1.84945,-115.870038537
1.8495,-113.727932133
1.84955,-111.49149856
1.8496,-109.159572406
1.84965,-106.733021502
1.8497,-104.213432853
1.84975,-101.600360635
1.8498,-98.8918612957
1.84985,-96.0869596747
1.8499,-93.1867030773
1.84995,-90.1926360649
1.85,-87.1045848149
1.85005,-83.9208971176
1.8501,-80.6405072101
1.85015,-77.2649350463
1.8502,-73.7955937896
1.85025,-70.2325816895
1.8503,-66.5745555925
1.85035,-62.8204651245
1.8504,-58.9720743231
1.85045,-55.0307783582
1.8505,-50.9969171778
1.85055,-46.8695606228
1.8506,-42.6473907594
1.85065,-38.3327063055
1.8507,-33.9267307049
1.85075,-29.4302262092
1.8508,-25.0021801389
1.85085,-21.9631005304
1.8509,-19.8318603712
1.85095,-17.5506314013
1.851,-15.120146891
1.85105,-12.5667052188
1.8511,-9.89902286595
1.85115,-7.11792583694
1.8512,-4.22248332357
1.85125,-1.21323100659
1.8513,1.90970324837
1.85135,5.14627836776
1.8514,8.4941093011
1.85145,11.9508663426
1.8515,15.2632570433
1.85155,16.8486316716
1.8516,15.9839490995
1.85165,14.1117422832
1.8517,13.8254484129
1.85175,15.0874602268
1.8518,15.7472159119
1.85185,15.0194566473
1.8519,14.3611708612
1.85195,14.9921255385
1.852,16.157424743
1.85205,16.5681951843
1.8521,16.3587855918
1.85215,16.6290383875
1.8522,17.6959606977
1.85225,18.7660853895
1.8523,19.2744003199
1.85235,19.660971395
1.8524,20.5531715628
1.85245,21.8294668123
1.8525,22.9198147049
1.85255,23.7060398577
1.8526,24.6142100934
1.85265,25.898239761
1.8527,27.3044530992
1.85275,28.5214482543
1.8528,29.6380189604
1.85285,30.9461900942
1.8529,32.4771450865
1.85295,34.002821654
1.853,35.4058286379
1.85305,36.82755969
1.8531,38.4192001158
1.85315,40.1152077872
1.8532,41.7668549585
1.85325,43.3662143227
1.8533,45.0316073245
1.85335,46.8139924671
1.8534,48.6295330405
1.85345,50.4042902849
1.8535,52.1747403779
1.85355,54.0136359903
1.8536,55.9179198641
1.85365,57.8209016043
1.8537,59.6996953341
1.85375,61.5959556474
1.8538,63.5421409718
1.85385,65.5156182007
1.8539,67.4754037912
1.85395,69.4244453613
1.854,71.393021055
1.85405,73.3880225448
1.8541,75.3863061515
1.85415,77.3678698048
1.8542,79.3440185974
1.85425,81.3307582156
1.8543,83.3227542922
1.85435,85.3040284616
1.8544,87.2674271636
1.85445,89.2230538945
1.8545,91.1760780308
1.85455,93.1179042085
1.8546,95.0402976926
1.85465,96.9419057256
1.8547,98.8285374522
1.85475,100.699096516
1.8548,102.54609875
1.85485,104.366958648
1.8549,106.161620815
1.85495,107.931902314
1.855,109.674079782
1.85505,111.383116846
1.8551,113.059446424
1.85515,114.702444681
1.8552,116.311076496
1.85525,117.881210037
1.8553,119.410123281
1.85535,120.899437138
1.8554,122.347428738
1.85545,123.751446652
1.8555,125.108050374
1.85555,126.416165377
1.8556,127.677413617
1.85565,128.889397281
1.8557,130.048427861
1.85575,131.152217168
1.8558,132.200620875
1.85585,133.19484023
1.8559,134.13177636
1.85595,135.00820401
1.856,135.822244576
1.85605,136.574342311
1.8561,137.265118436
1.85615,137.891517653
1.8562,138.45063638
1.85625,138.940597633
1.8563,139.362349183
1.85635,139.716318196
1.8564,139.99940185
1.85645,140.208745774
1.8565,140.343405335
1.85655,140.404058545
1.8566,140.3909694
1.85665,140.301363043
1.8567,140.132526523
1.85675,139.883746313
1.8568,139.555974935
1.85685,139.148985791
1.8569,138.660914933
1.85695,138.088583486
1.857,137.431640332
1.85705,136.69132746
1.8571,135.867378943
1.85715,134.958156736
1.8572,133.96069884
1.85725,132.874575904
1.8573,131.701596778
1.85735,130.441304235
1.8574,129.092380684
1.85745,127.651843361
1.8575,126.119708268
1.85755,124.497572993
1.8576,122.785256595
1.85765,120.981814372
1.8577,119.08441222
1.85775,117.092768949
1.8578,115.009096936
1.85785,112.83312986
1.8579,110.564191984
1.85795,108.199581859
1.858,105.739166647
1.85805,103.18548979
1.8581,100.538139652
1.85815,97.7969352559
1.8582,94.9590020888
1.85825,92.0247037109
1.8583,88.9964082698
1.85835,85.8740929612
1.8584,82.6573865921
1.85845,79.3440195413
1.8585,75.9343958383
1.85855,72.4312139903
1.8586,68.8342267648
1.85865,65.143338644
1.8587,61.3568298669
1.85875,57.4746816476
1.8588,53.499943649
1.85885,49.4327256101
1.8589,45.2728950994
1.85895,41.0186809244
1.859,36.6708210356
1.85905,32.2322201845
1.8591,27.7042756159
1.85915,23.6190945552
1.8592,21.2466884149
1.85925,18.9706147204
1.8593,16.6254476329
1.85935,14.1694291962
1.8594,11.5881033765
1.85945,8.88319059091
1.8595,6.06124155942
1.85955,3.12647134789
1.8596,0.07910775359
1.85965,-3.08051471491
1.8597,-6.35357856635
1.85975,-9.73852035435
1.8598,-13.2281784554
1.85985,-16.0913457283
1.8599,-16.7710744277
1.85995,-15.204631413
1.86,-13.7008368331
1.86005,-14.1695213105
1.8601,-15.4561246012
1.86015,-15.536563502
1.8602,-14.6003245178
1.86025,-14.3786585485
1.8603,-15.3748055519
1.86035,-16.353435114
1.8604,-16.4231092193
1.86045,-16.266160702
1.8605,-16.8692294806
1.86055,-18.0486978996
1.8606,-18.916446644
1.86065,-19.2832550591
1.8607,-19.8099765396
1.86075,-20.8992215337
1.8608,-22.1602528041
1.86085,-23.1078589079
1.8609,-23.8776865706
1.86095,-24.9207502077
1.861,-26.2936646417
1.86105,-27.6441979523
1.8611,-28.7893943302
1.86115,-29.9466944803
1.8612,-31.3489857307
1.86125,-32.9024880818
1.8613,-34.3774701566
1.86135,-35.7614955309
1.8614,-37.2355623523
1.86145,-38.8785439991
1.8615,-40.567653952
1.86155,-42.1886283493
1.8616,-43.7970741414
1.86165,-45.5049106863
1.8617,-47.3077425432
1.86175,-49.1087983047
1.8618,-50.8714308387
1.86185,-52.6599138093
1.8619,-54.5251995482
1.86195,-56.432484221
1.862,-58.3233020178
1.86205,-60.2011413348
1.8621,-62.1136431012
1.86215,-64.0718953606
1.8622,-66.0401645869
1.86225,-67.992107353
1.8623,-69.9443036174
1.86235,-71.9227425207
1.8624,-73.9196835947
1.86245,-75.9097220197
1.8625,-77.8862133905
1.86255,-79.8646064003
1.8626,-81.854252698
1.86265,-83.841867904
1.8627,-85.8138117981
1.86275,-87.7724328601
1.8628,-89.7269508172
1.86285,-91.6768471286
1.8629,-93.6103307165
1.86295,-95.5225129554
1.863,-97.4178423817
1.86305,-99.2991224832
1.8631,-101.16178031
1.86315,-102.997911371
1.8632,-104.807121041
1.86325,-106.59289369
1.8633,-108.353627101
1.86335,-110.084220683
1.8634,-111.7799274
1.86345,-113.442732676
1.8635,-115.073771057
1.86355,-116.669172538
1.8636,-118.2247971
1.86365,-119.738199769
1.8637,-121.211886055
1.86375,-122.644825975
1.8638,-124.032540998
1.86385,-125.372115584
1.8639,-126.66246872
1.86395,-127.905481618
1.864,-129.099527875
1.86405,-130.239631114
1.8641,-131.324201833
1.86415,-132.352424458
1.8642,-133.325954586
1.86425,-134.242671216
1.8643,-135.097965439
1.86435,-135.890618287
1.8644,-136.620280682
1.86445,-137.288159452
1.8645,-137.892045565
1.86455,-138.427817946
1.8646,-138.89459181
1.86465,-139.291835259
1.8647,-139.62077242
1.86475,-139.879470892
1.8648,-140.064064789
1.86485,-140.173713566
1.8649,-140.207985826
1.86495,-140.168124855
1.865,-140.052283739
1.86505,-139.857124966
1.8651,-139.581846011
1.86515,-139.225946463
1.8652,-138.790708901
1.86525,-138.274691771
1.8653,-137.674678758
1.86535,-136.98994098
1.8654,-136.220104231
1.86545,-135.366567532
1.8655,-134.428158692
1.86555,-133.401967441
1.8656,-132.287019271
1.86565,-131.083237576
1.8657,-129.79222787
1.86575,-128.412938912
1.8658,-126.942725333
1.86585,-125.380444118
1.8659,-123.72648529
1.86595,-121.982528865
1.866,-120.147827904
1.86605,-118.219788578
1.8661,-116.197421355
1.86615,-114.081097513
1.8662,-111.873043331
1.86625,-109.572060559
1.8663,-107.176281968
1.86635,-104.684614455
1.8664,-102.097882589
1.86645,-99.4177885776
1.8665,-96.6438870553
1.86655,-93.7744324718
1.8666,-90.8086615597
1.86665,-87.7473080225
1.8667,-84.5920905611
1.86675,-81.3430182135
1.8668,-77.9984455907
1.86685,-74.5572951219
1.8669,-71.021324974
1.86695,-67.3914980877
1.867,-63.6683233895
1.86705,-59.8507033477
1.8671,-55.9372931746
1.86715,-51.9301550727
1.8672,-47.8305620113
1.86725,-43.6389209172
1.8673,-39.3545969295
1.86735,-34.9760849629
1.8674,-30.5058299611
1.86745,-25.9904826357
1.8675,-22.4841314136
1.86755,-20.3984026243
1.8676,-18.1155307557
1.86765,-15.7060333226
1.8677,-13.1929449844
1.86775,-10.5708492992
1.8678,-7.83197635577
1.86785,-4.97370966924
1.8679,-2.00022408576
1.86795,1.08579346127
1.868,4.28323451003
1.86805,7.59195585268
1.8681,11.0131350902
1.86815,14.461554472
1.8682,16.6040223074
1.86825,16.3238069068
1.8683,14.4179769179
1.86835,13.5926033363
1.8684,14.63880872
1.86845,15.6252228687
1.8685,15.1523770059
1.86855,14.2850350243
1.8686,14.5830432813
1.86865,15.7575577625
1.8687,16.4130577978
1.86875,16.2410148375
1.8688,16.2907285666
1.86885,17.2068887677
1.8689,18.3648645532
1.86895,18.998791827
1.869,19.3249913857
1.86905,20.0570777243
1.8691,21.2899565184
1.86915,22.4631928367
1.8692,23.2875471994
1.86925,24.1099787769
1.8693,25.3000435855
1.86935,26.7119008432
1.8694,27.9799241004
1.86945,29.0865659778
1.8695,30.3205188177
1.86955,31.8054267239
1.8696,33.3494736936
1.86965,34.7733239953
1.8697,36.1662516585
1.86975,37.7055193342
1.8698,39.3835948396
1.86985,41.0505802228
1.8699,42.6506621433
1.86995,44.2860332141
1.87,46.0364852268
1.87005,47.8470962778
1.8701,49.6297595649
1.87015,51.3912269637
1.8702,53.2066483061
1.87025,55.0943067633
1.8703,56.9971068577
1.87035,58.8775978698
1.8704,60.7630119998
1.87045,62.6946024447
1.8705,64.6609476027
1.87055,66.621344761
1.8706,68.5689757803
1.87065,70.5293968792
1.8707,72.5178697775
1.87075,74.5142616589
1.8708,76.4962879871
1.87085,78.4711478286
1.8709,80.4544269824
1.87095,82.4461271667
1.871,84.4285365694
1.87105,86.3927580149
1.8711,88.3492473686
1.87115,90.3038182941
1.8712,92.2499401048
1.87125,94.1754826682
1.8713,96.079262529
1.87135,97.9699590287
1.8714,99.8465558312
1.87145,101.701163349
1.8715,103.527169659
1.87155,105.326299828
1.8716,107.104058293
1.87165,108.855945712
1.8717,110.575260713
1.87175,112.258939473
1.8718,113.909122205
1.87185,115.52846653
1.8719,117.111396603
1.87195,118.653042375
1.872,120.15209478
1.87205,121.610133582
1.8721,123.027873484
1.87215,124.399970716
1.8722,125.723064737
1.87225,126.996582207
1.8723,128.221207447
1.87235,129.396735671
1.8724,130.518602439
1.87245,131.584201758
1.8725,132.593171957
1.87255,133.545503597
1.8726,134.440902556
1.87265,135.275482676
1.8727,136.047037727
1.87275,136.754855057
1.8728,137.399028586
1.87285,137.979227708
1.8729,138.492178692
1.87295,138.935606126
1.873,139.308668762
1.87305,139.61171614
1.8731,139.844399333
1.87315,140.004293248
1.8732,140.088583606
1.87325,140.09667445
1.8733,140.028937378
1.87335,139.885331076
1.8734,139.663610875
1.87345,139.361205638
1.8735,138.977183173
1.87355,138.512496394
1.8736,137.967117898
1.87365,137.339027838
1.8737,136.625711177
1.87375,135.826227245
1.8738,134.941934427
1.87385,133.972834258
1.8739,132.917235874
1.87395,131.772361818
1.874,130.537741991
1.87405,129.214818048
1.8741,127.803731302
1.87415,126.30300897
1.8742,124.709848426
1.87425,123.024169833
1.8743,121.247628615
1.87435,119.380235649
1.8744,117.420850761
1.87445,115.36678352
1.8745,113.21796704
1.87455,110.976552184
1.8746,108.642376145
1.87465,106.214523061
1.8747,103.690530354
1.87475,101.070686235
1.8748,98.357110128
1.87485,95.5498364618
1.8749,92.6481733438
1.87495,89.6496364892
1.875,86.5546312914
1.87505,83.3658692192
1.8751,80.0830712211
1.87515,76.7059221884
1.8752,73.2319827789
1.87525,69.6620113387
1.8753,65.9988307867
1.87535,62.2422019789
1.8754,58.3920725944
1.87545,54.4462182681
1.8755,50.4056636102
1.87555,46.2731548287
1.8756,42.0485908804
1.87565,37.7320424538
1.8757,33.3217675802
1.87575,28.8186916493
1.8758,24.4703585326
1.87585,21.6513268684
1.8759,19.4894886481
1.87595,17.2100533457
1.876,14.7850986253
1.87605,12.2333710695
1.8761,9.56688540002
1.87615,6.7871427034
1.8762,3.89127207177
1.87625,0.879900850057
1.8763,-2.24390770693
1.87635,-5.47855878392
1.8764,-8.82423504262
1.87645,-12.2813042393
1.8765,-15.4659429795
1.87655,-16.7529508626
1.8766,-15.6186284613
1.87665,-13.816530161
1.8767,-13.7740748981
1.87675,-15.0680634662
1.8768,-15.5351233106
1.87685,-14.6981714846
1.8769,-14.1542192721
1.87695,-14.9106435528
1.877,-16.0252211395
1.87705,-16.3083297169
1.8771,-16.0815574882
1.87715,-16.4456059637
1.8772,-17.5580214287
1.87725,-18.5623693923
1.8773,-19.0031534915
1.87735,-19.4117503843
1.8774,-20.3624840846
1.87745,-21.6365477393
1.8775,-22.6721529604
1.87755,-23.434448068
1.8776,-24.3720643807
1.87765,-25.6816843246
1.8777,-27.0670688919
1.87775,-28.2494347373
1.8778,-29.3653726951
1.87785,-30.695212941
1.8779,-32.2295304806
1.87795,-33.7322825567
1.878,-35.118574007
1.87805,-36.5481209229
1.8781,-38.1499508863
1.87815,-39.8378339045
1.8782,-41.4716485077
1.87825,-43.0658473153
1.8783,-44.7392233999
1.87835,-46.5224941348
1.8784,-48.3262539659
1.87845,-50.0897222264
1.8785,-51.8606597636
1.87855,-53.7042879462
1.8786,-55.6038987059
1.87865,-57.4958062443
1.8787,-59.3683143025
1.87875,-61.2663456466
1.8788,-63.2138035825
1.87885,-65.1804772371
1.8789,-67.1314154366
1.87895,-69.0770338384
1.879,-71.0468913336
1.87905,-73.0406623587
1.8791,-75.0317957103
1.87915,-77.0065195493
1.8792,-78.9803996791
1.87925,-80.9674024569
1.8793,-82.9570692864
1.87935,-84.9317511274
1.8794,-86.8894967796
1.87945,-88.843029613
1.8795,-90.7954973987
1.87955,-92.734656425
1.8796,-94.6512281703
1.87965,-96.5476873917
1.8797,-98.4319970519
1.87975,-100.301550554
1.8798,-102.146012922
1.87985,-103.961581845
1.8799,-105.751272163
1.87995,-107.518941786
1.88,-109.259941615
1.88005,-110.966617276
1.8801,-112.638029454
1.88015,-114.276020156
1.8802,-115.88179374
1.88025,-117.450770678
1.8803,-118.977588069
1.88035,-120.462143342
1.8804,-121.904889287
1.88045,-123.305916488
1.8805,-124.661500038
1.88055,-125.96763732
1.8806,-127.224146524
1.88065,-128.430683968
1.8807,-129.586597539
1.88075,-130.689535668
1.8808,-131.735968045
1.88085,-132.725447161
1.8809,-133.656741148
1.88095,-134.530061618
1.881,-135.343522516
1.88105,-136.093613881
1.8811,-136.77962757
1.88115,-137.400198855
1.8812,-137.956090248
1.88125,-138.445578209
1.8813,-138.865420242
1.88135,-139.214621128
1.8814,-139.491835813
1.88145,-139.698286974
1.8815,-139.832563327
1.88155,-139.891313163
1.8816,-139.873548121
1.88165,-139.778177639
1.8817,-139.606521567
1.88175,-139.357637505
1.8818,-139.028009232
1.88185,-138.616501989
1.8819,-138.122632126
1.88195,-137.547863933
1.882,-136.890968492
1.88205,-136.148870273
1.8821,-135.320488568
1.88215,-134.405717733
1.8822,-133.40598202
1.88225,-132.320102717
1.8823,-131.145543979
1.88235,-129.880953313
1.8824,-128.5265903
1.88245,-127.083965541
1.8825,-125.552211974
1.88255,-123.928527053
1.8826,-122.212081422
1.88265,-120.403246085
1.8827,-118.503593054
1.88275,-116.512526492
1.8828,-114.42743406
1.88285,-112.247385869
1.8829,-109.973207304
1.88295,-107.606438434
1.883,-105.146533023
1.88305,-102.59150896
1.8831,-99.940199743
1.88315,-97.1937726073
1.8832,-94.3537139689
1.88325,-91.4197054988
1.8833,-88.39013742
1.88335,-85.2637810172
1.8834,-82.0419938227
1.88345,-78.7266133072
1.8835,-75.3173060487
1.88355,-71.8126939091
1.8836,-68.21172601
1.88365,-64.5159229558
1.8837,-60.7269694186
1.88375,-56.8449748492
1.8838,-52.8688443664
1.88385,-48.7975062525
1.8839,-44.6327693616
1.88395,-40.3763104122
1.884,-36.028546244
1.88405,-31.5884214769
1.8841,-27.0612297508
1.88415,-23.1402780872
1.8842,-20.9149634288
1.88425,-18.6368646711
1.8843,-16.2792612811
1.88435,-13.8173009296
1.8844,-11.2347236506
1.88445,-8.53189233242
1.8845,-5.7127924263
1.88455,-2.77889357132
1.8846,0.270483564969
1.88465,3.43215967549
1.8847,6.70477653244
1.88475,10.0873311006
1.8848,13.5642777351
1.88485,16.1876176906
1.8849,16.5266305722
1.88495,14.7977519898
1.885,13.4875338085
1.88505,14.164070986
1.8851,15.3640228242
1.88515,15.2393402626
1.8852,14.2935320691
1.88525,14.2315624164
1.8853,15.2958181196
1.88535,16.1632262895
1.8854,16.1333905436
1.88545,16.02605557
1.8855,16.7264377224
1.88555,17.898636924
1.8856,18.6791400064
1.88565,19.0175079391
1.8857,19.6008786758
1.88575,20.732600732
1.8858,21.9588563665
1.88585,22.8552879261
1.8859,23.6309425807
1.88595,24.7153454645
1.886,26.0957903102
1.88605,27.4109904683
1.8861,28.533293119
1.88615,29.7074692272
1.8862,31.1315454306
1.88625,32.6771774956
1.8863,34.1258861935
1.88635,35.5034914107
1.8864,36.9931323636
1.88645,38.6444733706
1.8865,40.3200773992
1.88655,41.9246172865
1.8866,43.5351508989
1.88665,45.2535078374
1.8867,47.0559011084
1.88675,48.8438914959
1.8868,50.5977197564
1.88685,52.39082082
1.8869,54.2612536295
1.88695,56.1639130208
1.887,58.0444860195
1.88705,59.9181083264
1.8871,61.8344026612
1.88715,63.7940191486
1.8872,65.7566064735
1.88725,67.7012197628
1.8873,69.6511909013
1.88735,71.6318274265
1.8874,73.6279023751
1.88745,75.6127972224
1.8875,77.5840678171
1.88755,79.5606467767
1.8876,81.5509129101
1.88765,83.5368915304
1.8877,85.5047413456
1.88775,87.4592232133
1.8878,89.4115325873
1.88785,91.3610943478
1.8879,93.2931231673
1.88795,95.2021107343
1.888,97.0936513077
1.88805,98.9722020822
1.8881,100.83413453
1.88815,102.669210452
1.8882,104.47579363
1.88825,106.257756128
1.8883,108.015405332
1.88835,109.74509757
1.8884,111.440166207
1.88845,113.100552371
1.8885,114.727518292
1.88855,116.319555422
1.8886,117.874277984
1.88865,119.387389155
1.8887,120.858740973
1.88875,122.287307883
1.8888,123.671454715
1.88885,125.010216588
1.8889,126.300483149
1.88895,127.541010238
1.889,128.73037758
1.88905,129.866946325
1.8891,130.950666827
1.88915,131.978855836
1.8892,132.949696517
1.88925,133.861492483
1.8893,134.713168016
1.88935,135.505042801
1.8894,136.234706408
1.88945,136.899653097
1.8895,137.498299767
1.88955,138.030418461
1.8896,138.496301626
1.88965,138.893563444
1.8897,139.219469201
1.88975,139.472645754
1.8898,139.653467101
1.88985,139.762111155
1.8899,139.796357022
1.88995,139.753366642
1.89,139.631928124
1.89005,139.432897226
1.8901,139.156478116
1.89015,138.800475816
1.8902,138.362066553
1.89025,137.840291377
1.8903,137.236347669
1.89035,136.550241683
1.8904,135.780283338
1.89045,134.923330078
1.8905,133.979132398
1.89055,132.948935118
1.8906,131.832549707
1.89065,130.628559746
1.8907,129.334171418
1.89075,127.949069662
1.8908,126.474980438
1.89085,124.911460487
1.8909,123.257463128
1.89095,121.510293983
1.891,119.669597065
1.89105,117.737741932
1.8911,115.714222864
1.89115,113.597918967
1.8912,111.386303659
1.89125,109.079588143
1.8913,106.679956277
1.89135,104.187268374
1.8914,101.600408495
1.89145,98.9170669793
1.8915,96.1375786422
1.89155,93.2643325221
1.8916,90.2971958521
1.89165,87.2355104
1.8917,84.0770530905
1.89175,80.8223119572
1.8918,77.4738308524
1.89185,74.0313587889
1.8919,70.4947871035
1.89195,66.8617508357
1.892,63.1331050642
1.89205,59.3114687866
1.8921,55.396677637
1.89215,51.388987961
1.8922,47.2861360558
1.89225,43.0890472097
1.8923,38.8005505709
1.89235,34.4206058306
1.8924,29.949629111
1.89245,25.4658239031
1.8925,22.1371373566
1.89255,20.0673934173
1.8926,17.8056370385
1.89265,15.4026626045
1.8927,12.8867687184
1.89275,10.2603590881
1.8928,7.52002056261
1.89285,4.66369055043
1.8929,1.69272388719
1.89295,-1.39350291979
1.893,-4.59313375166
1.89305,-7.90309350646
1.8931,-11.3225729701
1.89315,-14.7019300839
1.8932,-16.5756049466
1.89325,-16.0101785811
1.8933,-14.0880106457
1.89335,-13.4888583543
1.8934,-14.6259963637
1.89345,-15.4541481274
1.8935,-14.8430706777
1.89355,-14.0493231335
1.8936,-14.4854120855
1.89365,-15.6427257737
1.8937,-16.1726030964
1.89375,-15.964976576
1.8938,-16.0997266653
1.89385,-17.0726182938
1.8939,-18.1763096976
1.89395,-18.7376660697
1.894,-19.0771758992
1.89405,-19.8700170264
1.8941,-21.1087308021
1.89415,-22.229523008
1.8942,-23.0234164662
1.89425,-23.8727607104
1.8943,-25.094064536
1.89435,-26.4900438073
1.8944,-27.7214122087
1.89445,-28.8215325862
1.8945,-30.0786985628
1.89455,-31.5733709902
1.8946,-33.096638624
1.89465,-34.4994540842
1.8947,-35.896234946
1.89475,-37.449817544
1.8948,-39.1255710297
1.89485,-40.7746871302
1.8949,-42.3645993348
1.89495,-44.0055059673
1.895,-45.7620655105
1.89505,-47.5660476351
1.8951,-49.3359505501
1.89515,-51.0930481611
1.8952,-52.9119654356
1.89525,-54.8002249753
1.8953,-56.6962351357
1.89535,-58.5682028875
1.8954,-60.4509551996
1.89545,-62.3832921968
1.8955,-64.3476481989
1.89555,-66.3025449367
1.8956,-68.2444044197
1.89565,-70.2022289105
1.8957,-72.1891958281
1.89575,-74.1829149375
1.8958,-76.1609135902
1.89585,-78.1311608182
1.8959,-80.1111804382
1.89595,-82.1001714197
1.896,-84.0799640467
1.89605,-86.0412417586
1.8961,-87.9935244677
1.89615,-89.9440234622
1.8962,-91.8868953112
1.89625,-93.8103299102
1.8963,-95.7118697834
1.89635,-97.598271547
1.8964,-99.4701151672
1.89645,-101.321333288
1.8965,-103.145823691
1.89655,-104.94320485
1.8966,-106.716468329
1.89665,-108.463137018
1.8967,-110.179139827
1.89675,-111.861928068
1.8968,-113.510492294
1.89685,-115.125235865
1.8969,-116.702819989
1.89695,-118.241415013
1.897,-119.739920756
1.89705,-121.196466963
1.8971,-122.609686138
1.89715,-123.976518583
1.8972,-125.296844989
1.89725,-126.569949642
1.8973,-127.793053054
1.89735,-128.964173619
1.8974,-130.080770779
1.89745,-131.143867765
1.8975,-132.152686775
1.89755,-133.103468983
1.8976,-133.994422774
1.89765,-134.823798644
1.8977,-135.592938899
1.89775,-136.300770415
1.8978,-136.943402151
1.89785,-137.519189183
1.8979,-138.026857767
1.89795,-138.467999169
1.898,-138.841347676
1.89805,-139.142902195
1.8981,-139.371274233
1.89815,-139.525747199
1.8982,-139.607970385
1.89825,-139.616359304
1.8983,-139.547228867
1.89835,-139.399452519
1.8984,-139.172450811
1.89845,-138.867889987
1.8985,-138.484254916
1.89855,-138.018193427
1.8986,-137.468588869
1.89865,-136.835122997
1.8987,-136.119582519
1.89875,-135.320464686
1.8988,-134.434702112
1.89885,-133.461334564
1.8989,-132.400249237
1.89895,-131.25311942
1.899,-130.018830647
1.89905,-128.694506796
1.8991,-127.279152785
1.89915,-125.772995683
1.8992,-124.177587764
1.89925,-122.492465735
1.8993,-120.714441784
1.89935,-118.842698451
1.8994,-116.877893594
1.89945,-114.821545969
1.8995,-112.673096927
1.89955,-110.4302468
1.8996,-108.091797364
1.89965,-105.658771102
1.8997,-103.132659246
1.89975,-100.513062815
1.8998,-97.7981985476
1.89985,-94.986827184
1.8999,-92.079959295
1.89995,-89.0793738236
1.9,-85.9847951389
1.90005,-82.7949110697
1.9001,-79.508133209
1.90015,-76.1259850013
1.9002,-72.6503490776
1.90025,-69.0810068499
1.9003,-65.4167230632
1.90035,-61.6564659218
1.9004,-57.8017022218
1.90045,-53.8541197283
1.9005,-49.8140828636
1.90055,-45.6806993117
1.9006,-41.4524807035
1.90065,-37.1315983223
1.9007,-32.7195525357
1.90075,-28.2170151683
1.9008,-23.9751758735
1.90085,-21.3650249435
1.9009,-19.167465598
1.90095,-16.8815092825
1.901,-14.4640924053
1.90105,-11.9167474
1.9011,-9.24873760134
1.90115,-6.46642363374
1.9012,-3.57126304301
1.90125,-0.562286464528
1.9013,2.56023621999
1.90135,5.79662597908
1.9014,9.14410687824
1.90145,12.5996462358
1.9015,15.6259274907
1.90155,16.6149815429
1.9016,15.2540623719
1.90165,13.5636520812
1.9017,13.7474695375
1.90175,15.0362501689
1.9018,15.3100944205
1.90185,14.3992194254
1.9019,13.9842390911
1.90195,14.847782659
1.902,15.8947115253
1.90205,16.0585002165
1.9021,15.8408194445
1.90215,16.3037861051
1.9022,17.4423634088
1.90225,18.3714522109
1.9023,18.7583305763
1.90235,19.2054015694
1.9024,20.2121263118
1.90245,21.4734270743
1.9025,22.4534914645
1.90255,23.2026666658
1.9026,24.1777427551
1.90265,25.5094072146
1.9027,26.86912734
1.90275,28.0202587724
1.9028,29.1423703902
1.90285,30.4974779365
1.9029,32.0325759531
1.90295,33.5123847401
1.903,34.8857247025
1.90305,36.3254723494
1.9031,37.9394890821
1.90315,39.6204181692
1.9032,41.2389914805
1.90325,42.8295815151
1.9033,44.5104854082
1.90335,46.2972425087
1.9034,48.0930844509
1.90345,49.8483002505
1.9035,51.619173214
1.90355,53.4659020064
1.9036,55.3644807279
1.90365,57.2505263137
1.9037,59.1193351189
1.90375,61.0174907767
1.9038,62.9644327083
1.90385,64.9285665925
1.9039,66.8760407782
1.90395,68.8200874506
1.904,70.788955553
1.90405,72.7801370878
1.9041,74.7688401818
1.90415,76.7419484374
1.9042,78.7148811336
1.90425,80.6995712962
1.9043,82.6856697279
1.90435,84.6585762811
1.9044,86.6157702471
1.90445,88.5681801947
1.9045,90.5173600687
1.90455,92.4527368455
1.9046,94.3681178025
1.90465,96.2645988437
1.9047,98.1473656155
1.90475,100.012992862
1.9048,101.853722942
1.90485,103.668570018
1.9049,105.458485176
1.90495,107.224229005
1.905,108.960916467
1.90505,110.6640319
1.9051,112.334946985
1.90515,113.97314778
1.9052,115.576668416
1.90525,117.14122723
1.9053,118.664654101
1.90535,120.148823235
1.9054,121.591746199
1.90545,122.990472319
1.9055,124.341619513
1.90555,125.644490667
1.9056,126.900658915
1.90565,128.107217707
1.9057,129.260921606
1.90575,130.359478239
1.9058,131.402830721
1.90585,132.391975541
1.9059,133.323680573
1.90595,134.194764404
1.906,135.003748413
1.90605,135.750867144
1.9061,136.436696367
1.90615,137.057798403
1.9062,137.611530924
1.90625,138.096727928
1.9063,138.513701042
1.90635,138.862882078
1.9064,139.140896658
1.90645,139.345320643
1.9065,139.475261814
1.90655,139.531216916
1.9066,139.513295769
1.90665,139.418773532
1.9067,139.245159623
1.90675,138.991689716
1.9068,138.659255662
1.90685,138.247587087
1.9069,137.754797428
1.90695,137.177889672
1.907,136.516479841
1.90705,135.771565499
1.9071,134.942929574
1.90715,134.029065415
1.9072,133.027096041
1.90725,131.936745651
1.9073,130.759148106
1.90735,129.494313194
1.9074,128.140866491
1.90745,126.695941305
1.9075,125.159346257
1.90755,123.532703015
1.9076,121.815933527
1.90765,120.007986706
1.9077,118.105903837
1.90775,116.109838974
1.9078,114.021723443
1.90785,111.841176441
1.9079,109.567644158
1.90795,107.198288242
1.908,104.73341328
1.90805,102.175103133
1.9081,99.5232425928
1.90815,96.7772712366
1.9082,93.9346147691
1.90825,90.9954972351
1.9083,87.9625013037
1.90835,84.8354745464
1.9084,81.6139983319
1.90845,78.2958170422
1.9085,74.881288441
1.90855,71.3731080217
1.9086,67.7712788957
1.90865,64.0756626303
1.9087,60.2840808604
1.90875,56.3970182508
1.9088,52.4172587485
1.90885,48.3449845418
1.9089,44.1802952577
1.90895,39.9212100506
1.909,35.5684519321
1.90905,31.1247651423
1.9091,26.6039472626
1.90915,22.8103934256
1.9092,20.6579518378
1.90925,18.3838383036
1.9093,16.0183199225
1.90935,13.5542298649
1.9094,10.9739040492
1.90945,8.27155699555
1.9095,5.4505220851
1.90955,2.51564760189
1.9096,-0.531984141065
1.90965,-3.69156187859
1.9097,-6.96436650478
1.90975,-10.3491930864
1.9098,-13.8088147132
1.90985,-16.2352743441
1.9099,-16.3206661413
1.90995,-14.4962257361
1.91,-13.353957269
1.91005,-14.1682840433
1.9101,-15.2824995489
1.91015,-15.0056590738
1.9102,-14.0653649367
1.91025,-14.1305730075
1.9103,-15.2338181452
1.91035,-16.0088740907
1.9104,-15.9061810644
1.91045,-15.8405139667
1.9105,-16.6163378219
1.91055,-17.7790368388
1.9106,-18.490434001
1.91065,-18.8032504866
1.9107,-19.4297277232
1.91075,-20.5965428737
1.9108,-21.7973850016
1.91085,-22.6506152793
1.9109,-23.4260345877
1.91095,-24.5415749143
1.911,-25.9305831418
1.91105,-27.2194468807
1.9111,-28.320180198
1.91115,-29.5030440665
1.9112,-30.944158963
1.91125,-32.4846452533
1.9113,-33.914034786
1.91135,-35.2834661906
1.9114,-36.7817657017
1.91145,-38.4381220654
1.9115,-40.1044491108
1.91155,-41.6977987745
1.9116,-43.3066522498
1.91165,-45.0292062833
1.9117,-46.8295102717
1.91175,-48.6092097902
1.9118,-50.3580696722
1.91185,-52.1510137492
1.9119,-54.0211097761
1.91195,-55.9185329487
1.912,-57.7936207555
1.91205,-59.6657251428
1.9121,-61.5809072008
1.91215,-63.5369347746
1.9122,-65.4941142992
1.91225,-67.4356735654
1.9123,-69.3851395574
1.91235,-71.3632563365
1.9124,-73.3542759464
1.91245,-75.3344833049
1.9125,-77.3042771392
1.91255,-79.2804409674
1.9126,-81.2669757315
1.91265,-83.2474678129
1.9127,-85.2115467387
1.91275,-87.1653440792
1.9128,-89.1168608776
1.91285,-91.0619714018
1.9129,-92.9885117116
1.91295,-94.8944487346
1.913,-96.785546952
1.91305,-98.6628594011
1.9131,-100.519976192
1.91315,-102.349785885
1.9132,-104.153719134
1.91325,-105.93531797
1.9133,-107.691427898
1.91335,-109.416298853
1.9134,-111.106200927
1.91345,-112.764155263
1.9135,-114.39080306
1.91355,-115.981176429
1.9136,-117.531106523
1.91365,-119.039000227
1.9137,-120.507873066
1.91375,-121.936091868
1.9138,-123.318597928
1.91385,-124.652650241
1.9139,-125.937646284
1.91395,-127.175543
1.914,-128.364585078
1.91405,-129.499466629
1.9141,-130.578565503
1.91415,-131.601507757
1.9142,-132.56968832
1.91425,-133.481084564
1.9143,-134.330975689
1.91435,-135.118281377
1.9144,-135.842558427
1.91445,-136.504919979
1.9145,-137.103280339
1.91455,-137.633529348
1.9146,-138.094846913
1.91465,-138.486702213
1.9147,-138.810097623
1.91475,-139.063064865
1.9148,-139.242060817
1.91485,-139.346202484
1.9149,-139.374849021
1.91495,-139.329337911
1.915,-139.207931287
1.91505,-139.007196281
1.9151,-138.726237575
1.91515,-138.364670043
1.9152,-137.923889811
1.91525,-137.402348744
1.9153,-136.796732396
1.91535,-136.106388104
1.9154,-135.330983229
1.91545,-134.471875982
1.9155,-133.527993696
1.91555,-132.496305142
1.9156,-131.375763312
1.91565,-130.166515298
1.9157,-128.870043024
1.91575,-127.485473533
1.9158,-126.009838366
1.91585,-124.442286907
1.9159,-122.78304868
1.91595,-121.033709655
1.916,-119.19363095
1.91605,-117.260227281
1.9161,-115.232574729
1.91615,-113.111128152
1.9162,-110.89782282
1.91625,-108.591645684
1.9163,-106.190587383
1.91635,-103.693727584
1.9164,-101.10170293
1.91645,-98.4164668695
1.9165,-95.6375571053
1.91655,-92.7630386328
1.9166,-89.791873687
1.91665,-86.7251884313
1.9167,-83.564726731
1.91675,-80.3104792035
1.9168,-76.9606140753
1.91685,-73.5141269847
1.9169,-69.9727884125
1.91695,-66.3378376782
1.917,-62.6094998191
1.91705,-58.7864861611
1.9171,-54.8676650693
1.91715,-50.8550020736
1.9172,-46.7501604736
1.91725,-42.5532753067
1.9173,-38.2633777435
1.91735,-33.8792350915
1.9174,-29.403494473
1.91745,-24.9640468876
1.9175,-21.8325195974
1.91755,-19.7561780845
1.9176,-17.5067217882
1.91765,-15.1091858961
1.9177,-12.5936959468
1.91775,-9.96796551232
1.9178,-7.22797971486
1.91785,-4.37013710071
1.9179,-1.39736046303
1.91795,1.68838751151
1.918,4.88585790869
1.91805,8.19471005183
1.9181,11.6158038154
1.91815,14.9133994544
1.9182,16.5352195684
1.91825,15.7096056463
1.9183,13.806031222
1.91835,13.4255953658
1.9184,14.6224501723
1.91845,15.293836852
1.9185,14.5672752696
1.91855,13.8558042131
1.9186,14.4157954471
1.91865,15.5500895146
1.9187,15.9668647373
1.91875,15.7284988457
1.9188,15.9424572978
1.91885,16.9678206229
1.9189,18.0238580889
1.91895,18.5211313607
1.919,18.8705895215
1.91905,19.7168790961
1.9191,20.9653484402
1.91915,22.0423318604
1.9192,22.8092439884
1.91925,23.6807304054
1.9193,24.9290285288
1.91935,26.3143265659
1.9194,27.5163407919
1.91945,28.6108111315
1.9195,29.8866015518
1.91955,31.3893378035
1.9196,32.897588855
1.91965,34.2848904646
1.9197,35.6849252991
1.91975,37.2491222625
1.9198,38.9226602681
1.91985,40.559276895
1.9199,42.1429761112
1.91995,43.7887016759
1.92,45.5488386829
1.92005,47.3464188188
1.9201,49.1080184873
1.92015,50.8639190281
1.9202,52.6863725653
1.92025,54.5732249624
1.9203,56.461783059
1.92035,58.3292495596
1.9204,60.2132015802
1.92045,62.1467738328
1.9205,64.1068705465
1.92055,66.0549844311
1.9206,67.99499742
1.92065,69.9544244924
1.9207,71.9407218474
1.92075,73.9289796688
1.9208,75.9014445251
1.92085,77.8713170536
1.9209,79.8524894949
1.92095,81.8393938918
1.921,83.8136668806
1.92105,85.7707003013
1.9211,87.7230775476
1.92115,89.6739832643
1.9212,91.6141208983
1.92125,93.5325219083
1.9213,95.430623072
1.92135,97.3170915009
1.9214,99.1888400159
1.92145,101.037276117
1.9215,102.857164094
1.92155,104.651413062
1.9216,106.424590138
1.92165,108.171032821
1.9217,109.884331887
1.92175,111.562697446
1.9218,113.208236241
1.92185,114.822820434
1.9219,116.400288816
1.92195,117.936366097
1.922,119.430491485
1.92205,120.883917056
1.9221,122.296745038
1.92215,123.663552972
1.9222,124.981587679
1.92225,126.250362009
1.9223,127.470294153
1.92235,128.640909351
1.9224,129.757773462
1.92245,130.818674161
1.9225,131.822973644
1.92255,132.770539418
1.9226,133.661028188
1.92265,134.490824315
1.9227,135.257745471
1.92275,135.961002215
1.9228,136.600383611
1.92285,137.175581617
1.9229,137.683761285
1.92295,138.122605453
1.923,138.491236225
1.92305,138.789500895
1.9231,139.017325535
1.92315,139.172345301
1.9232,139.252121827
1.92325,139.255545328
1.9233,139.183096807
1.92335,139.034604112
1.9234,138.808163561
1.92345,138.501100298
1.9235,138.112437991
1.92355,137.642982929
1.9236,137.09270145
1.92365,136.459901095
1.9237,135.742075139
1.92375,134.937933061
1.9238,134.048742192
1.92385,133.074718975
1.9239,132.014395593
1.92395,130.864735084
1.924,129.625451158
1.92405,128.297837624
1.9241,126.882062204
1.92415,125.376694493
1.9242,123.778891474
1.92425,122.088575023
1.9243,120.307508841
1.92435,118.435373506
1.9244,116.471331628
1.92445,114.412651076
1.9245,112.259434703
1.92455,110.013504444
1.9246,107.674775851
1.92465,105.242600173
1.9247,102.714194857
1.92475,100.089847617
1.9248,97.3720424966
1.92485,94.5602929195
1.9249,91.6542276498
1.92495,88.651520103
1.925,85.5523275369
1.92505,82.3593514607
1.9251,79.0723327539
1.92515,75.6910601513
1.9252,72.2130079275
1.92525,68.6389957016
1.9253,64.9716189675
1.92535,61.2109228931
1.9254,57.3567814084
1.92545,53.4069910976
1.9255,49.362315052
1.92555,45.2256512493
1.9256,40.9970115432
1.92565,36.6768614281
1.9257,32.2624959253
1.92575,27.7557473354
1.9258,23.6022308207
1.92585,21.1368399593
1.9259,18.9200076888
1.92595,16.62521794
1.926,14.2074374593
1.92605,11.6615469231
1.9261,8.99587715338
1.92615,6.21552198732
1.9262,3.3199853678
1.92625,0.309002279472
1.9263,-2.81446967236
1.92635,-6.04932468547
1.9264,-9.39469423347
1.92645,-12.8479205402
1.9265,-15.7313712632
1.92655,-16.4787990059
1.9266,-14.9608272974
1.92665,-13.3774270601
1.9267,-13.7313351475
1.92675,-14.9884072701
1.9268,-15.1100615032
1.92685,-14.163933964
1.9269,-13.8540141915
1.92695,-14.787071747
1.927,-15.7668203437
1.92705,-15.8466667554
1.9271,-15.6474658641
1.92715,-16.1834199377
1.9272,-17.3293341881
1.92725,-18.1970860541
1.9273,-18.5532081207
1.92735,-19.0343568237
1.9274,-20.0757005545
1.92745,-21.3171205309
1.9275,-22.2583303234
1.92755,-23.0052156323
1.9276,-24.0075165274
1.92765,-25.3472794923
1.9277,-26.6830866078
1.92775,-27.8151114039
1.9278,-28.9465475544
1.92785,-30.316033514
1.9279,-31.8454826197
1.92795,-33.3063719332
1.928,-34.6739224737
1.92805,-36.1238915986
1.9281,-37.7417437496
1.92815,-39.4117416423
1.9282,-41.0184753783
1.92825,-42.6104078592
1.9283,-44.2979156416
1.92835,-46.0815723714
1.9284,-47.8666977831
1.92845,-49.6155951736
1.9285,-51.3891590115
1.92855,-53.2386231263
1.9286,-55.1313777714
1.92865,-57.0086505056
1.9287,-58.8741057633
1.92875,-60.774481045
1.9288,-62.7213302449
1.92885,-64.6787368985
1.9289,-66.6192911916
1.92895,-68.5613370726
1.929,-70.5312013323
1.92905,-72.5206102108
1.9291,-74.5027745227
1.92915,-76.470244263
1.9292,-78.4414071648
1.92925,-80.4259907962
1.9293,-82.4095225114
1.92935,-84.3764100707
1.9294,-86.3286255414
1.92945,-88.278986605
1.9295,-90.2272649332
1.92955,-92.1598764737
1.9296,-94.0697481759
1.92965,-95.9614031873
1.9297,-97.8417089673
1.92975,-99.7060487857
1.9298,-101.544124699
1.92985,-103.353755727
1.9299,-105.138706808
1.92995,-106.901665096
1.93,-108.637033112
1.93005,-110.337616794
1.9301,-112.003488155
1.93015,-113.636493699
1.9302,-115.237027451
1.93025,-116.800358279
1.9303,-118.321416273
1.93035,-119.800614168
1.9304,-121.238163776
1.93045,-122.63381016
1.9305,-123.983962187
1.93055,-125.284700545
1.9306,-126.535936566
1.93065,-127.736889246
1.9307,-128.887606911
1.93075,-129.985336581
1.9308,-131.026633291
1.93085,-132.010892188
1.9309,-132.936975423
1.93095,-133.805129078
1.931,-134.613440377
1.93105,-135.358537264
1.9311,-136.039515171
1.93115,-136.654944233
1.9312,-137.205649877
1.93125,-137.69022769
1.9313,-138.105132845
1.93135,-138.44934714
1.9314,-138.721639769
1.93145,-138.923190391
1.9315,-139.052612687
1.93155,-139.106539602
1.9316,-139.083889789
1.93165,-138.983624234
1.9317,-138.807247116
1.93175,-138.553477391
1.9318,-138.218945703
1.93185,-137.802573
1.9319,-137.303800412
1.93195,-136.724150469
1.932,-136.062481067
1.93205,-135.315425162
1.9321,-134.482123905
1.93215,-133.562374638
1.9322,-132.557754112
1.93225,-131.467150031
1.9323,-130.287498188
1.93235,-129.017882371
1.9324,-127.658423237
1.93245,-126.210748332
1.9325,-124.673891087
1.93255,-123.045175102
1.9326,-121.323647019
1.93265,-119.509734403
1.9327,-117.604922537
1.93275,-115.608617667
1.9328,-113.518388861
1.93285,-111.333143415
1.9329,-109.053733503
1.93295,-106.68165796
1.933,-104.216560397
1.93305,-101.656119591
1.9331,-98.9992876461
1.93315,-96.2474474269
1.9332,-93.4021066697
1.93325,-90.4628133542
1.9333,-87.4278151553
1.93335,-84.2959662636
1.9334,-81.0690188602
1.93345,-77.7483920958
1.9335,-74.3337178679
1.93355,-70.8237626202
1.9336,-67.2173825429
1.93365,-63.5162989514
1.9337,-59.7225633765
1.93375,-55.8353733085
1.9338,-51.853963477
1.93385,-47.7772600426
1.9339,-43.6074398331
1.93395,-39.3460519385
1.934,-34.9932570687
1.93405,-30.5480228061
1.9341,-26.0407691572
1.93415,-22.4290614566
1.9342,-20.3537307031
1.93425,-18.0973378684
1.9343,-15.7287798616
1.93435,-13.2578841903
1.9344,-10.674530155
1.93445,-7.97342567026
1.9345,-5.15533165877
1.93455,-2.22192625565
1.9346,0.827182507194
1.93465,3.98861484882
1.9347,7.26101015227
1.93475,10.6433062462
1.9348,14.0663959687
1.93485,16.2628754005
1.9349,16.0696559422
1.93495,14.1687285624
1.935,13.2201381183
1.93505,14.1684896766
1.9351,15.1673454035
1.93515,14.7357735453
1.9352,13.8246186296
1.93525,14.0264526628
1.9353,15.1536159867
1.93535,15.8217738772
1.9354,15.6535944414
1.93545,15.6480712798
1.9355,16.496362031
1.93555,17.632627045
1.9356,18.2703059582
1.93565,18.5722864796
1.9357,19.25248587
1.93575,20.4438516417
1.9358,21.6048468303
1.93585,22.419114979
1.9359,23.2091552739
1.93595,24.3587723876
1.936,25.7433517537
1.93605,26.9979569027
1.9361,28.0859749038
1.93615,29.2886256647
1.9362,30.7442907964
1.93625,32.2684133929
1.9363,33.6759681025
1.93635,35.0467861791
1.9364,36.5601471031
1.93645,38.2172724169
1.9365,39.8674119917
1.93655,41.4495488999
1.9366,43.0640806542
1.93665,44.7942761967
1.9367,46.5895737592
1.93675,48.3568569263
1.9368,50.1006692583
1.93685,51.8986919383
1.9369,53.7712213956
1.93695,55.6624962166
1.937,57.5288910434
1.93705,59.3986157041
1.9371,61.3170137557
1.93715,63.2727417561
1.9372,65.2241224496
1.93725,67.1597803869
1.9373,69.1077009161
1.93735,71.0870751072
1.9374,73.0765614914
1.93745,75.0521522382
1.9375,77.0174786671
1.93755,78.991652465
1.9376,80.9781419508
1.93765,82.9569534594
1.9377,84.917440117
1.93775,86.8673119501
1.9378,88.8161793611
1.93785,90.7604809751
1.9379,92.6855938189
1.93795,94.5886124006
1.938,96.4758391769
1.93805,98.3499405661
1.9381,100.205966759
1.93815,102.034534066
1.9382,103.835877155
1.93825,105.61338298
1.9383,107.365942252
1.93835,109.089646639
1.9384,110.778790586
1.93845,112.434090967
1.9385,114.056304676
1.93855,115.643010014
1.9386,117.191902566
1.93865,118.699362146
1.9387,120.165375711
1.93875,121.588856595
1.9388,122.967578138
1.93885,124.30075389
1.9389,125.585484417
1.93895,126.820672884
1.939,128.004592876
1.93905,129.135660557
1.9391,130.213950649
1.93915,131.236881963
1.9392,132.202260445
1.93925,133.108471315
1.9393,133.954665313
1.93935,134.741194199
1.9394,135.465646097
1.93945,136.125410397
1.9395,136.718712608
1.93955,137.245313502
1.9396,137.705855619
1.93965,138.098095446
1.9397,138.418934921
1.93975,138.666866556
1.9398,138.842310007
1.93985,138.945829531
1.9399,138.975012062
1.93995,138.926994285
1.94,138.800588211
1.94005,138.596568071
1.9401,138.315045418
1.94015,137.954093007
1.9402,137.510794467
1.94025,136.984216224
1.9403,136.37544357
1.94035,135.68466603
1.9404,134.909923988
1.94045,134.048395049
1.9405,133.099519861
1.94055,132.064669919
1.9406,130.94368406
1.94065,129.735303395
1.9407,128.436372306
1.94075,127.046655893
1.9408,125.567925105
1.94085,123.999890358
1.9409,122.341267545
1.94095,120.589545018
1.941,118.7443917
1.94105,116.807801263
1.9411,114.779597361
1.94115,112.658843074
1.9412,110.443106305
1.94125,108.13186027
1.9413,105.72758988
1.94135,103.230208139
1.9414,100.638798826
1.94145,97.9510502346
1.9415,95.1669900515
1.94155,92.2891553107
1.9416,89.3174944343
1.94165,86.2514063733
1.9417,83.0884196986
1.94175,79.8290222887
1.9418,76.4758601722
1.94185,73.028813812
1.9419,69.4879327671
1.94195,65.8503050565
1.942,62.1169493985
1.94205,58.2907483982
1.9421,54.3714860938
1.94215,50.3594241138
1.9422,46.2519688733
1.94225,42.0502182153
1.9423,37.7571372646
1.94235,33.372740409
1.9424,28.8974347224
1.94245,24.5146912643
1.9425,21.5697088994
1.94255,19.473086074
1.9426,17.232341082
1.94265,14.8442100784
1.9427,12.3299816284
1.94275,9.7007335929
1.9428,6.95894726019
1.94285,4.10298318176
1.9429,1.13238667815
1.94295,-1.95357959364
1.943,-5.15322736147
1.94305,-8.46305047804
1.9431,-11.8822678291
1.94315,-15.0867482992
1.9432,-16.4672312631
1.94325,-15.4193007168
1.9433,-13.5568959463
1.94335,-13.372671949
1.9434,-14.6127558908
1.94345,-15.1310802024
1.9435,-14.3120360859
1.94355,-13.6900674142
1.9436,-14.3555908556
1.94365,-15.4546275316
1.9437,-15.7659860198
1.94375,-15.5150435711
1.9438,-15.8076329741
1.94385,-16.8707600794
1.9439,-17.8734471803
1.94395,-18.3141328061
1.944,-18.6841334967
1.94405,-19.5815228036
1.9441,-20.828781211
1.94415,-21.8596509699
1.9442,-22.6053521653
1.94425,-23.5037689076
1.9443,-24.776965442
1.94435,-26.1456905305
1.9444,-27.3169003946
1.94445,-28.4088387336
1.9445,-29.7059090945
1.94455,-31.2158101774
1.9446,-32.7050831823
1.94465,-34.074996261
1.9447,-35.4796799273
1.94475,-37.0566063574
1.9448,-38.727767827
1.94485,-40.3485914719
1.9449,-41.9243993333
1.94495,-43.5756351734
1.945,-45.3407290062
1.94505,-47.132154144
1.9451,-48.8828754833
1.94515,-50.6357354907
1.9452,-52.461431948
1.94525,-54.3482154957
1.9453,-56.230631737
1.94535,-58.0913161011
1.9454,-59.9737287388
1.94545,-61.9077143023
1.9455,-63.8654197368
1.94555,-65.8089417552
1.9456,-67.7445114154
1.94565,-69.7019589684
1.9457,-71.6864542308
1.94575,-73.6719969386
1.9458,-75.6415081637
1.94585,-77.6077103176
1.9459,-79.5857066583
1.94595,-81.569811976
1.946,-83.5419621281
1.94605,-85.4969670295
1.9461,-87.4456712413
1.94615,-89.3925186219
1.9462,-91.3294592794
1.94625,-93.2463176095
1.9463,-95.1428288843
1.94635,-97.0253691511
1.9464,-98.8924208629
1.94645,-100.737683967
1.9465,-102.556401997
1.94655,-104.349130668
1.9466,-106.118021792
1.94665,-107.85947093
1.9467,-109.569762277
1.94675,-111.247162641
1.9468,-112.891043757
1.94685,-114.500979979
1.9469,-116.073258676
1.94695,-117.606425998
1.947,-119.099745918
1.94705,-120.551272702
1.9471,-121.959318684
1.94715,-123.32079197
1.9472,-124.635904358
1.94725,-125.903881756
1.9473,-127.121692168
1.94735,-128.287300291
1.9474,-129.398547612
1.94745,-130.456491972
1.9475,-131.45999361
1.94755,-132.405352276
1.9476,-133.29077798
1.94765,-134.114824134
1.9477,-134.878658239
1.94775,-135.58103872
1.9478,-136.218051525
1.94785,-136.788188791
1.9479,-137.290435754
1.94795,-137.726153736
1.948,-138.093919168
1.94805,-138.389658395
1.9481,-138.612306113
1.94815,-138.761255619
1.9482,-138.837851991
1.94825,-138.840530869
1.9483,-138.765434313
1.94835,-138.611803297
1.9484,-138.379205569
1.94845,-138.069056943
1.9485,-137.679681151
1.94855,-137.207736228
1.9486,-136.652446176
1.94865,-136.013399493
1.9487,-135.292524441
1.94875,-134.487783139
1.9488,-133.59627473
1.94885,-132.617291542
1.9489,-131.550794714
1.94895,-130.398112971
1.949,-129.158422527
1.94905,-127.828476443
1.9491,-126.407725697
1.94915,-124.89615367
1.9492,-123.295361918
1.94925,-121.604715708
1.9493,-119.821414285
1.94935,-117.944334765
1.9494,-115.974212056
1.94945,-113.912612881
1.9495,-111.758963678
1.94955,-109.510864445
1.9496,-107.167352016
1.94965,-104.729144261
1.9497,-102.19786294
1.94975,-99.5731245266
1.9498,-96.8530530651
1.94985,-94.036552885
1.9499,-91.1246093651
1.94995,-88.1189206998
1.95,-85.0192778286
1.95005,-81.8240418468
1.9501,-78.5321337093
1.95015,-75.1450774204
1.9502,-71.6642182133
1.95025,-68.0896383852
1.9503,-64.4201843807
1.95035,-60.6545198499
1.9504,-56.7947006662
1.95045,-52.8420741763
1.9505,-48.7967915097
1.95055,-44.6579731451
1.9506,-40.4243676925
1.95065,-36.0982221831
1.9507,-31.6809327742
1.95075,-27.1754596221
1.9508,-23.159845703
1.95085,-20.8641308171
1.9509,-18.6259022401
1.95095,-16.3182117669
1.951,-13.901430224
1.95105,-11.3592086616
1.9511,-8.69322709314
1.95115,-5.91054924196
1.9512,-3.01487103363
1.95125,-0.0060730104377
1.9513,3.11612863108
1.95135,6.35230872426
1.9514,9.69984877235
1.95145,13.1462789105
1.9515,15.8308762787
1.95155,16.2837547036
1.9516,14.6030691012
1.95165,13.1792287792
1.9517,13.7226021526
1.95175,14.9181760275
1.9518,14.8537636846
1.95185,13.8824089036
1.9519,13.7113947289
1.95195,14.7157952545
1.952,15.6014640173
1.95205,15.5825813755
1.9521,15.4202876095
1.95215,16.0463690893
1.9522,17.1929261257
1.95225,17.9815351064
1.9523,18.3014892582
1.95235,18.8303279072
1.9524,19.9149664924
1.95245,21.1295009844
1.9525,22.0197685216
1.95255,22.764546842
1.9526,23.8038680769
1.95265,25.1551503835
1.9527,26.4609792898
1.95275,27.5666910672
1.9528,28.7067399946
1.95285,30.0980958779
1.9529,31.6241821577
1.95295,33.0619130366
1.953,34.417982745
1.95305,35.8772393997
1.9531,37.504439367
1.95315,39.1658528776
1.9532,40.7574274976
1.95325,42.3451515937
1.9533,44.0385060376
1.95335,45.8239373577
1.9534,47.6002410315
1.95345,49.3402814888
1.9535,51.112606399
1.95355,52.9637218871
1.9536,54.8539965588
1.95365,56.7244026599
1.9537,58.5850718593
1.95375,60.484122222
1.9538,62.4292714098
1.95385,64.3829571247
1.9539,66.31897479
1.95395,68.2582481079
1.954,70.2256416485
1.95405,72.2112002924
1.9541,74.1897683245
1.95415,76.1546252365
1.9542,78.1236509757
1.95425,80.1044580975
1.9543,82.083089358
1.95435,84.0471535074
1.9544,85.9980090776
1.95445,87.9461459526
1.9545,89.889704268
1.95455,91.8172559238
1.9546,93.7250867266
1.95465,95.6159921839
1.9547,97.4937575693
1.95475,99.3529373405
1.9548,101.186200926
1.95485,102.994422679
1.9549,104.778856491
1.95495,106.538965633
1.955,108.269027946
1.95505,109.965201536
1.9551,111.629989191
1.95515,113.262581428
1.9552,114.860169987
1.95525,116.41825675
1.9553,117.93525514
1.95535,119.413588542
1.9554,120.850779163
1.95545,122.243378225
1.9555,123.588258882
1.95555,124.885103115
1.9556,126.135517765
1.95565,127.336481012
1.9557,128.483980928
1.95575,129.576385883
1.9558,130.613874413
1.95585,131.597325483
1.9559,132.523180624
1.95595,133.388303855
1.956,134.19122931
1.95605,134.932528639
1.9561,135.612537355
1.95615,136.227943822
1.9562,136.775938797
1.95625,137.254996773
1.9563,137.666001454
1.95635,138.009176735
1.9564,138.28146501
1.95645,138.479991093
1.9565,138.604034275
1.95655,138.654045411
1.9566,138.630182207
1.95665,138.529886861
1.9567,138.350452275
1.95675,138.091200878
1.9568,137.752828956
1.95685,137.33524493
1.9569,136.836429954
1.95695,136.253650949
1.957,135.586256303
1.95705,134.835532554
1.9571,134.001045529
1.95715,133.081396411
1.9572,132.073590965
1.95725,130.977291902
1.9573,129.793942601
1.95735,128.523240382
1.9574,127.163820307
1.95745,125.71302457
1.9575,124.17055445
1.95755,122.538130236
1.9576,120.815538465
1.95765,119.001864016
1.9577,117.094007783
1.95775,115.092166687
1.9578,112.998254357
1.95785,110.812273144
1.9579,108.533188018
1.95795,106.158307572
1.958,103.687765406
1.95805,101.123936217
1.9581,98.4665090274
1.95815,95.7153352419
1.9582,92.8672740832
1.95825,89.9227961039
1.9583,86.8844701946
1.95835,83.7520135326
1.9584,80.5253587366
1.95845,77.2020132004
1.9585,73.7822874132
1.95855,70.2690099396
1.9586,66.662187484
1.95865,62.9614860114
1.9587,59.1649948631
1.95875,55.2728667656
1.9588,51.2881374739
1.95885,47.2110624325
1.9589,43.0414132051
1.95895,38.77728551
1.959,34.419611356
1.95905,29.9710922757
1.9591,25.4875597305
1.95915,22.0652761718
1.9592,20.0269489343
1.95925,17.7887281049
1.9593,15.4204771382
1.95935,12.9468935032
1.9594,10.3640414117
1.95945,7.66304599299
1.9595,4.84328070026
1.95955,1.908993778
1.9596,-1.13831042249
1.95965,-4.29776011495
1.9597,-7.57039485428
1.95975,-10.9547615187
1.9598,-14.3277423237
1.95985,-16.2690734509
1.9599,-15.7851828712
1.95995,-13.8433923678
1.96,-13.1182510198
1.96005,-14.1769732342
1.9601,-15.0338668824
1.96015,-14.4490036571
1.9602,-13.5989520825
1.96025,-13.9444247712
1.9603,-15.0709203765
1.96035,-15.6179401357
1.9604,-15.4002875954
1.96045,-15.4753710263
1.9605,-16.388473625
1.96055,-17.4805514301
1.9606,-18.0441256283
1.96065,-18.3522430857
1.9607,-19.0932635999
1.96075,-20.2967230951
1.9608,-21.4100345957
1.96085,-22.1926846139
1.9609,-23.0067364362
1.96095,-24.1879173085
1.961,-25.5614206618
1.96105,-26.7835805317
1.9611,-27.8645817119
1.96115,-29.0882298231
1.9612,-30.5537096682
1.96125,-32.0614338359
1.9613,-33.4523060883
1.96135,-34.8267962822
1.9614,-36.3517491451
1.96145,-38.0067444169
1.9615,-39.6434684791
1.96155,-41.2196425609
1.9616,-42.8391940237
1.96165,-44.5729997194
1.9617,-46.3615761603
1.96175,-48.1205546711
1.9618,-49.864103355
1.96185,-51.664964458
1.9619,-53.5355906074
1.96195,-55.4195848816
1.962,-57.2820230493
1.96205,-59.1532136582
1.9621,-61.071459865
1.96215,-63.0223907581
1.9622,-64.9679853949
1.96225,-66.902261825
1.9623,-68.8513464273
1.96235,-70.828166144
1.9624,-72.8119953134
1.96245,-74.78333295
1.9625,-76.7484806831
1.96255,-78.7229291364
1.9626,-80.7053729767
1.96265,-82.6784407139
1.9627,-84.635756701
1.96275,-86.5858214207
1.9628,-88.5341028799
1.96285,-90.4736550882
1.9629,-92.3932336105
1.96295,-94.2936254555
1.963,-96.1809276019
1.96305,-98.053839055
1.9631,-99.9049139135
1.96315,-101.728212812
1.9632,-103.527144909
1.96325,-105.30442382
1.9633,-107.055405423
1.96335,-108.774288048
1.9634,-110.458435496
1.96345,-112.111322753
1.9635,-113.733026253
1.96355,-115.317904472
1.9636,-116.862160823
1.96365,-118.364737018
1.9637,-119.828506178
1.96375,-121.251332405
1.9638,-122.628243134
1.96385,-123.956897468
1.9639,-125.236835747
1.96395,-126.469694462
1.964,-127.653181973
1.96405,-128.782415865
1.9641,-129.856286165
1.96415,-130.874251183
1.9642,-131.837332319
1.96425,-132.74326143
1.9643,-133.587747443
1.96435,-134.369890748
1.9644,-135.089158743
1.96445,-135.746493595
1.9645,-136.339519359
1.96455,-136.864558511
1.9646,-137.320779157
1.96465,-137.707664049
1.9647,-138.025972798
1.96475,-138.273849029
1.9648,-138.447756837
1.96485,-138.546913717
1.9649,-138.570624964
1.96495,-138.520074039
1.965,-138.39361623
1.96505,-138.187806981
1.9651,-137.901921034
1.96515,-137.535430071
1.9652,-137.089587534
1.96525,-136.562906601
1.9653,-135.952382968
1.96535,-135.257037623
1.9654,-134.476657796
1.96545,-133.612533798
1.9655,-132.663536917
1.96555,-131.626814103
1.9656,-130.501247762
1.96565,-129.287168238
1.9657,-127.985555053
1.96575,-126.595721515
1.9658,-125.115011919
1.96585,-123.542236454
1.9659,-121.877832682
1.96595,-120.123305622
1.966,-118.278000047
1.96605,-116.339267337
1.9661,-114.306355275
1.96615,-112.179624345
1.9662,-109.960796988
1.96625,-107.649228657
1.9663,-105.242709369
1.96635,-102.740776832
1.9664,-100.143499865
1.96645,-97.4527678815
1.9665,-94.6683821654
1.96655,-91.7884403709
1.9666,-88.8120215183
1.96665,-85.7402167066
1.9667,-82.5744511528
1.96675,-79.3147717014
1.9668,-75.9595914764
1.96685,-72.5078538694
1.9669,-68.9615030942
1.96695,-65.3211425334
1.967,-61.5875088157
1.96705,-57.7592978663
1.9671,-53.8353200606
1.96715,-49.8178362455
1.9672,-45.7078889703
1.96725,-41.5057462227
1.9673,-37.210930763
1.96735,-32.8219525259
1.9674,-28.3412649322
1.96745,-24.038531877
1.9675,-21.295926557
1.96755,-19.1699873518
1.9676,-16.9290370492
1.96765,-14.5457772456
1.9677,-12.0343086945
1.96775,-9.40709216532
1.9678,-6.66594743607
1.96785,-3.808062144
1.9679,-0.835724641411
1.96795,2.24966947726
1.968,5.44670545299
1.96805,8.75519163593
1.9681,12.1759246469
1.96815,15.2465609547
1.9682,16.3545605262
1.96825,15.082086946
1.9683,13.2992726528
1.96835,13.3291280338
1.9684,14.5844456584
1.96845,14.9293608813
1.9685,14.0236229892
1.96855,13.5063660021
1.9686,14.2808843183
1.96865,15.3333391582
1.9687,15.5294942475
1.96875,15.2720049336
1.9688,15.6517934273
1.96885,16.747966825
1.9689,17.6883178262
1.96895,18.0736533666
1.969,18.4683849743
1.96905,19.4171921208
1.9691,20.6593522715
1.96915,21.6419949996
1.9692,22.3698186323
1.96925,23.2970852818
1.9693,24.5907861362
1.96935,25.9394216664
1.9694,27.0824588883
1.96945,28.1768678475
1.9695,29.4935094655
1.96955,31.0038814048
1.9696,32.4734800727
1.96965,33.8323552051
1.9697,35.2455511427
1.96975,36.8302470488
1.9698,38.49264537
1.96985,40.1003940414
1.9699,41.674923442
1.96995,43.3331373104
1.97,45.0974857137
1.97005,46.8785459883
1.9701,48.6226348335
1.97015,50.3780450774
1.9702,52.2068617599
1.97025,54.088717577
1.9703,55.9623374936
1.97035,57.8206399821
1.9704,59.7057717933
1.97045,61.6397293186
1.9705,63.5912874395
1.97055,65.5282484282
1.9706,67.4634364403
1.97065,69.4227001164
1.9707,71.4052755815
1.97075,73.3847290652
1.9708,75.3493949561
1.97085,77.3159881037
1.9709,79.2948611288
1.97095,81.2760653577
1.971,83.2425806974
1.97105,85.1938167525
1.9711,87.1429629999
1.97115,89.0899560824
1.9712,91.0238071994
1.97125,92.9354828464
1.9713,94.8286978471
1.97135,96.7114129966
1.9714,98.5783161802
1.97145,100.420461759
1.9715,102.234420681
1.97155,104.023976677
1.9716,105.792808059
1.97165,107.533975732
1.9717,109.241358584
1.97175,110.914115715
1.9718,112.554905846
1.97185,114.164544782
1.9719,115.736590348
1.97195,117.267015214
1.972,118.755778524
1.97205,120.204187081
1.9721,121.611782249
1.97215,122.973154247
1.9722,124.285581063
1.97225,125.5489741
1.9723,126.763706761
1.97235,127.928912931
1.9724,129.040272596
1.97245,130.095632963
1.9725,131.09452531
1.97255,132.036636868
1.9726,132.921737751
1.97265,133.746112288
1.9727,134.50763069
1.97275,135.205412628
1.9728,135.839382555
1.97285,136.409316894
1.9729,136.912204447
1.97295,137.345791157
1.973,137.708990195
1.97305,138.001990335
1.9731,138.224601638
1.97315,138.374606488
1.9732,138.449193276
1.97325,138.447444041
1.9733,138.369808813
1.97335,138.216278253
1.9734,137.984823871
1.97345,137.672789529
1.9735,137.279078232
1.97355,136.804622655
1.9736,136.249470671
1.97365,135.611776355
1.9737,134.889171499
1.97375,134.080169346
1.9738,133.18632829
1.97385,132.207675035
1.9739,131.142555274
1.97395,129.988158264
1.974,128.744189476
1.97405,127.411989371
1.9741,125.991515302
1.97415,124.481431945
1.9742,122.878989979
1.97425,121.184027192
1.9743,119.398302251
1.97435,117.52165727
1.9744,115.553126217
1.97445,113.489778904
1.9745,111.331850451
1.97455,109.081402216
1.9746,106.73814706
1.97465,104.301490827
1.9747,101.768497642
1.97475,99.1396265078
1.9748,96.4171612777
1.97485,93.6009259791
1.9749,90.6904455567
1.97495,87.6831001036
1.975,84.5793486697
1.97505,81.3817285524
1.9751,78.0901009486
1.97515,74.7042322394
1.9752,71.2218306109
1.97525,67.6433089514
1.9753,63.9714891584
1.97535,60.2062107088
1.9754,56.3474783026
1.97545,52.3931320172
1.9755,48.3440134994
1.97555,44.2028313116
1.9756,39.9696850859
1.97565,35.6447873548
1.9757,31.2260443349
1.97575,26.7211058793
1.9758,22.8251259507
1.97585,20.6376975689
1.9759,18.3970953457
1.97595,16.0790673643
1.976,13.6571134942
1.97605,11.1149126876
1.9761,8.45184789663
1.97615,5.67160577874
1.9762,2.77547605496
1.97625,-0.235600555822
1.9763,-3.35868964192
1.97635,-6.59292025039
1.9764,-9.93824520061
1.97645,-13.3729254029
1.9765,-15.8873939981
1.97655,-16.1105838211
1.9766,-14.3236405966
1.97665,-13.0371282839
1.9767,-13.7216974574
1.97675,-14.8523438648
1.9768,-14.6507270365
1.97685,-13.6792365426
1.9769,-13.6261598252
1.97695,-14.666089756
1.977,-15.4715494235
1.97705,-15.3905089202
1.9771,-15.2679642747
1.97715,-15.9601347274
1.9772,-17.0975971243
1.97725,-17.8286437696
1.9773,-18.1309712534
1.97735,-18.6997121734
1.9774,-19.8132867083
1.97745,-21.0042510272
1.9775,-21.8608874778
1.97755,-22.610279559
1.9776,-23.6782519707
1.97765,-25.0352054109
1.9777,-26.3175782065
1.97775,-27.4092059895
1.9778,-28.5625420901
1.97785,-29.9687340056
1.9779,-31.4884964792
1.97795,-32.9094297764
1.978,-34.2636551202
1.97805,-35.7354020774
1.9781,-37.3670189707
1.97815,-39.0184248547
1.9782,-40.6008579524
1.97825,-42.1926456063
1.9783,-43.894591506
1.97835,-45.6779266384
1.9784,-47.4451811798
1.97845,-49.1819289488
1.9785,-50.9597968175
1.97855,-52.8151659096
1.9786,-54.7006850123
1.97865,-56.5647364128
1.9787,-58.4253616663
1.97875,-60.3289852454
1.9788,-62.2754773736
1.97885,-64.2243421442
1.9789,-66.1564718847
1.97895,-68.0968578805
1.979,-70.0673429524
1.97905,-72.0528682213
1.9791,-74.0274950737
1.97915,-75.9899691666
1.9792,-77.9600182594
1.97925,-79.9428940858
1.9793,-81.9213668612
1.97935,-83.8823508206
1.9794,-85.8312510696
1.97945,-87.7798989457
1.9795,-89.7249420325
1.97955,-91.6524866347
1.9796,-93.5578151396
1.97965,-95.4467416108
1.9797,-97.3245349465
1.97975,-99.1850026135
1.9798,-101.018508493
1.97985,-102.824468116
1.9799,-104.606656117
1.97995,-106.36646247
1.98,-108.097810173
1.98005,-109.794371714
1.9801,-111.45701812
1.98015,-113.087081297
1.9802,-114.68411169
1.98025,-116.243451163
1.9803,-117.760928556
1.98035,-119.236997025
1.9804,-120.671309552
1.98045,-122.063243493
1.9805,-123.409490671
1.98055,-124.706656868
1.9806,-125.954707799
1.98065,-127.152554372
1.9807,-128.299331248
1.98075,-129.393129378
1.9808,-130.430806069
1.98085,-131.411658407
1.9809,-132.334152901
1.98095,-133.198508715
1.981,-134.002944506
1.98105,-134.744282585
1.9811,-135.421521173
1.98115,-136.033235163
1.9812,-136.580241285
1.98125,-137.06099275
1.9813,-137.471956289
1.98135,-137.812258485
1.9814,-138.080610684
1.98145,-138.278274204
1.9815,-138.403868698
1.98155,-138.453884511
1.9816,-138.4272557
1.98165,-138.323019657
1.9817,-138.142606411
1.98175,-137.88506698
1.9818,-137.546552096
1.98185,-137.126192727
1.9819,-136.623269159
1.98195,-136.039433436
1.982,-135.373739768
1.98205,-134.622810922
1.9821,-133.785592355
1.98215,-132.861945994
1.9822,-131.853292822
1.98225,-130.758643448
1.9823,-129.575088929
1.98235,-128.301666689
1.9824,-126.938346492
1.98245,-125.486758764
1.9825,-123.946109376
1.98255,-122.31347966
1.9826,-120.588090533
1.98265,-118.770368999
1.9827,-116.861709046
1.98275,-114.861626203
1.9828,-112.76752508
1.98285,-110.578677907
1.9829,-108.295616789
1.98295,-105.919884176
1.983,-103.451028382
1.98305,-100.887050755
1.9831,-98.2267479049
1.98315,-95.4712295131
1.9832,-92.6221946598
1.98325,-89.6793137511
1.9833,-86.6408197903
1.98335,-83.505648918
1.9834,-80.2749474796
1.98345,-76.9505921361
1.9835,-73.5323159581
1.98355,-70.0188695121
1.9836,-66.4089509838
1.98365,-62.7041409376
1.9837,-58.9063568976
1.98375,-55.0154428068
1.9838,-51.0305273827
1.98385,-46.9502697757
1.9839,-42.7766573233
1.98395,-38.5113676866
1.984,-34.1547421027
1.98405,-29.7058327091
1.9841,-25.2337656647
1.98415,-21.8948405686
1.9842,-19.864426066
1.98425,-17.6378484497
1.9843,-15.2728426448
1.98435,-12.7962385997
1.9844,-10.2102404047
1.98445,-7.50938150596
1.9845,-4.69210025892
1.98455,-1.75919761644
1.9846,1.28998941288
1.98465,4.45144085514
1.9847,7.72373531936
1.98475,11.1057533576
1.9848,14.4434457985
1.98485,16.2501963311
1.9849,15.6230227284
1.98495,13.6791540275
1.985,13.0649815423
1.98505,14.1660202483
1.9851,14.9426849226
1.98515,14.2924357676
1.9852,13.4808075397
1.98525,13.8919893455
1.9853,15.009316735
1.98535,15.4951025383
1.9854,15.2616192156
1.98545,15.3767181435
1.9855,16.3173537431
1.98555,17.3833347619
1.9856,17.9120969356
1.98565,18.2269365253
1.9857,18.9962605361
1.98575,20.2034396839
1.9858,21.2913242998
1.98585,22.059104009
1.9859,22.886103264
1.98595,24.08239339
1.986,25.4487527396
1.98605,26.652392122
1.9861,27.7300869805
1.98615,28.9651094161
1.9862,30.4357191668
1.98625,31.9342944602
1.9863,33.3129427969
1.98635,34.6886951181
1.9864,36.2216689369
1.98645,37.8768341588
1.9865,39.5042053973
1.98655,41.0733682142
1.9866,42.6961791967
1.98665,44.434576537
1.9867,46.2203292534
1.98675,47.9715366459
1.9868,49.7110670784
1.98685,51.5150790738
1.9869,53.3876752177
1.98695,55.2679528853
1.987,57.1243692314
1.98705,58.9931463497
1.9871,60.913526722
1.98715,62.8647909935
1.9872,64.806819853
1.98725,66.7365402275
1.9873,68.6836840916
1.98735,70.6615271803
1.9874,72.6448891188
1.98745,74.6132042112
1.9875,76.5747096844
1.98755,78.5471558406
1.9876,80.5298939409
1.98765,82.5023554083
1.9877,84.4572206582
1.98775,86.4039425897
1.9878,88.349966109
1.98785,90.2894775996
1.9879,92.2088045377
1.98795,94.1071727354
1.988,95.9910566993
1.98805,97.8614618602
1.9881,99.7125230745
1.98815,101.536130146
1.9882,103.333217942
1.98825,105.106949541
1.9883,106.855303762
1.98835,108.574241779
1.9884,110.258923162
1.98845,111.910201457
1.9885,113.528289127
1.98855,115.110569294
1.9886,116.654978896
1.98865,118.158322226
1.9887,119.620305813
1.98875,121.03957841
1.9888,122.41392785
1.98885,123.742782425
1.9889,125.023560131
1.98895,126.254733044
1.989,127.434498188
1.98905,128.561315885
1.9891,129.63549737
1.98915,130.654460884
1.9892,131.615899897
1.98925,132.518049252
1.9893,133.360148701
1.98935,134.142672918
1.9894,134.863068572
1.98945,135.518653993
1.9895,136.10780316
1.98955,136.630449283
1.9896,137.087089791
1.98965,137.475107172
1.9897,137.791661281
1.98975,138.0354708
1.9898,138.206983622
1.98985,138.30646074
1.9899,138.33145081
1.98995,138.279133551
1.99,138.148565361
1.99005,137.940386907
1.9901,137.654825732
1.99015,137.289628753
1.9902,136.841977742
1.99025,136.311178708
1.9903,135.698203932
1.99035,135.003159731
1.9904,134.224102352
1.99045,133.358079706
1.9905,132.404867439
1.99055,131.365725163
1.9906,130.240452385
1.99065,129.027518142
1.9907,127.724081967
1.99075,126.330012149
1.9908,124.846968324
1.99085,123.274635415
1.9909,121.611750049
1.99095,119.855647151
1.991,118.006123236
1.99105,116.065308103
1.9911,114.033053029
1.99115,111.908010637
1.9912,109.687663171
1.99125,107.37220773
1.9913,104.963760406
1.99135,102.462370644
1.9914,99.8669937051
1.99145,97.1751287368
1.9915,94.3870033908
1.99155,91.5051695746
1.9916,88.5295357037
1.99165,85.4594952775
1.9917,82.2925836434
1.99175,79.0292201623
1.9918,75.6721836063
1.99185,72.2212915439
1.9919,68.6766510225
1.99195,65.0354165838
1.992,61.2983801731
1.99205,57.4683838181
1.9921,53.5453612035
1.99215,49.5295396498
1.9922,45.4185882064
1.99225,41.2132649166
1.9923,36.9166020879
1.99235,32.5285408189
1.9924,28.0495062762
1.99245,23.7980691488
1.9925,21.1589853387
1.99255,19.0129343262
1.9926,16.7721433512
1.99265,14.3946815382
1.9927,11.8846087688
1.99275,9.25507747056
1.9928,6.51256666699
1.99285,3.65639675488
1.9929,0.686242770241
1.99295,-2.39944659626
1.993,-5.59870183221
1.99305,-8.90817012512
1.9931,-12.3267057925
1.99315,-15.319782795
1.9932,-16.2870129524
1.99325,-14.912063552
1.9933,-13.1850234421
1.99335,-13.3172811051
1.9934,-14.5683378912
1.99345,-14.8210434137
1.9935,-13.886648305
1.99355,-13.4337843894
1.9936,-14.253575101
1.99365,-15.2676963957
1.9937,-15.4108478261
1.99375,-15.1649476048
1.9938,-15.5927729801
1.99385,-16.6938739632
1.9939,-17.5954458017
1.99395,-17.9609551294
1.994,-18.3805703174
1.99405,-19.3540915039
1.9941,-20.5821182765
1.99415,-21.538713649
1.9942,-22.2667103398
1.99425,-23.2144797128
1.9943,-24.5157643588
1.99435,-25.8488600551
1.9944,-26.9783660787
1.99445,-28.0793059274
1.9945,-29.408590156
1.99455,-30.9182243057
1.9946,-32.375658075
1.99465,-33.7291216554
1.9947,-35.1489402866
1.99475,-36.740018434
1.9948,-38.399151068
1.99485,-39.9988887355
1.9949,-41.5719438047
1.99495,-43.2346894008
1.995,-45.0016451705
1.99505,-46.7795862882
1.9951,-48.5188698566
1.99515,-50.2738319193
1.9952,-52.1050117541
1.99525,-53.9877685905
1.9953,-55.8593939072
1.99535,-57.7146820854
1.9954,-59.5992567182
1.99545,-61.5339743827
1.9955,-63.4857530802
1.99555,-65.4218300911
1.9956,-67.3550058773
1.99565,-69.3130346574
1.9957,-71.2953534135
1.99575,-73.2750909536
1.9958,-75.2396589299
1.99585,-77.2044111008
1.9959,-79.1814229292
1.99595,-81.1619139761
1.996,-83.1289954558
1.99605,-85.0806060167
1.9961,-87.0278082088
1.99615,-88.9723960339
1.9962,-90.9053402699
1.99625,-92.8179555532
1.9963,-94.711775218
1.99635,-96.5923691308
1.9964,-98.4564832101
1.99645,-100.297767723
1.9965,-102.112953772
1.99655,-103.903226387
1.9966,-105.669730122
1.99665,-107.407905611
1.9967,-109.114509969
1.99675,-110.788801806
1.9968,-112.430201108
1.99685,-114.037453353
1.9969,-115.606425996
1.99695,-117.136199363
1.997,-118.626707062
1.99705,-120.075719098
1.9971,-121.481013804
1.99715,-122.839339776
1.9972,-124.151296889
1.99725,-125.416610022
1.9973,-126.6319452
1.99735,-127.794910521
1.9974,-128.903195604
1.99745,-129.958388061
1.9975,-130.95928796
1.99755,-131.902053703
1.9976,-132.784877391
1.99765,-133.606220632
1.9977,-134.367490714
1.99775,-135.067365286
1.9978,-135.701868034
1.99785,-136.269432808
1.9979,-136.769216281
1.99795,-137.20257065
1.998,-137.567911757
1.99805,-137.861299053
1.9981,-138.081554273
1.99815,-138.22817552
1.9982,-138.302530812
1.99825,-138.302859501
1.9983,-138.225657078
1.99835,-138.069841137
1.9984,-137.834956335
1.99845,-137.522558314
1.9985,-137.130944642
1.99855,-136.656835117
1.9986,-136.099252547
1.99865,-135.457998659
1.9987,-134.734877015
1.99875,-133.927857671
1.9988,-133.034190341
1.99885,-132.053006575
1.9989,-130.984107436
1.99895,-129.829136753
1.999,-128.587032415
1.99905,-127.254834738
1.9991,-125.831730439
1.99915,-124.3177971
1.9992,-122.714626007
1.99925,-121.021553692
1.9993,-119.235738894
1.99935,-117.356276645
1.9994,-115.383822579
1.99945,-113.319775515
1.9995,-111.163639979
1.99955,-108.913052805
1.9996,-106.566909362
1.99965,-104.126227146
1.9997,-101.592493915
1.99975,-98.9652796485
1.9998,-96.2425655582
1.99985,-93.4233314253
1.9999,-90.5086856949
